participant,feature_index,pre_threshold_mean,pre_threshold_mode,pre_threshold_median,post_threshold_mean,post_threshold_mode,post_threshold_median,delta_threshold_mean,delta_threshold_mode,delta_threshold_median,pre_threshold_mean_last5,pre_threshold_mode_last5,pre_threshold_median_last5,post_threshold_mean_last5,post_threshold_mode_last5,post_threshold_median_last5,delta_threshold_mean_last5,delta_threshold_mode_last5,delta_threshold_median_last5
166849_Utility_discrimination_2024_2cat_2025-03-19_19h23.08.912,0,1.4931484719999908,1.4700000000000002,1.4809443985068906,1.5381627259146935,1.53,1.5313941064064578,-0.04501425391470271,-0.05999999999999983,-0.05044970789956715,0.12265679440758642,0.1,0.10287937567971826,0.1043087832206141,0.1,0.0964696021209165,0.018348011186972324,0.0,0.006409773558801762
229150_Utility_discrimination_2024_2cat_2025-03-14_20h34.33.419,0,0.6820116508928653,0.66,0.6697650245541414,0.47550076182409984,0.41000000000000003,0.44547429464570887,0.20651088906876547,0.25,0.22429072990843257,0.003147105597824343,0.1,0.019166087505565907,0.3736913431998481,0.38,0.39541431511729686,-0.37054423760202376,-0.28,-0.37624822761173093
053539_Utility_discrimination_2024_2cat_2025-03-17_00h40.52.420,0,0.48091430620792663,0.47,0.47172925688017386,0.3475873207055384,0.32,0.33205312076753324,0.13332698550238825,0.14999999999999997,0.13967613611264063,0.35905087264858004,0.54,0.4706903433001647,0.29408544798552194,0.27,0.28343329777073845,0.0649654246630581,0.27,0.18725704552942624
856852_Utility_discrimination_2024_2cat_2025-03-14_11h38.16.574,0,0.2380367588006366,0.24000000000000002,0.2346972097772536,1.353686017755609,1.32,1.3388705242350294,-1.1156492589549722,-1.08,-1.1041733144577757,0.4549934374967828,0.38,0.4267004324553211,0.44921020549039337,0.44000000000000006,0.4521014172485631,0.005783232006389416,-0.06000000000000005,-0.025400984793242043
059774_Utility_discrimination_2024_2cat_2025-03-18_22h04.37.229,0,0.038850625228096076,0.03,0.03199235929482308,0.1672571551014328,0.1,0.1307384607592846,-0.12840652987333673,-0.07,-0.09874610146446153,-0.12363421632416044,-0.07999999999999999,-0.117333949950949,0.037140398756005166,-0.01999999999999999,0.009137944354041583,-0.1607746150801656,-0.06,-0.1264718943049906
848799_Utility_discrimination_2024_2cat_2025-03-12_13h57.25.042,0,0.2892360364510453,0.27,0.2758007821903006,0.3239747331634608,0.32,0.3183356742471577,-0.03473869671241553,-0.04999999999999999,-0.04253489205685712,-0.043545971746566325,0.060000000000000005,-0.02590147508984464,-0.0717953589187609,0.0,-0.05820767094819443,0.02824938717219458,0.060000000000000005,0.03230619585834979
664805_Utility_discrimination_2024_2cat_2025-03-14_19h38.57.391,0,0.15621343391234072,0.15000000000000002,0.14852591574416094,0.19365951429144795,0.17,0.17928008307989468,-0.03744608037910724,-0.01999999999999999,-0.030754167335733745,-0.04533393563456778,-0.04000000000000001,-0.052748406823931226,0.2641048236821801,0.18,0.23486973237846562,-0.30943875931674786,-0.22,-0.28761813920239687
953060_Utility_discrimination_2024_2cat_2025-03-17_16h04.09.188,0,0.19587417400062512,0.19,0.1884687834805488,0.3387761409738993,0.32,0.32809182122766833,-0.14290196697327417,-0.13,-0.13962303774711954,-0.0812143805497475,0.0,-0.06602621696786751,0.5076957958669966,0.43000000000000005,0.4796743019611194,-0.5889101764167441,-0.43000000000000005,-0.5457005189289869
537791_Utility_discrimination_2024_2cat_2025-03-14_20h45.35.085,0,0.1790964734684112,0.17,0.17212231472307274,0.1521695551445223,0.15000000000000002,0.14668335188155704,0.02692691832388891,0.01999999999999999,0.0254389628415157,0.3523017520192451,0.26,0.31659646035080447,-0.09350921725568503,-0.01999999999999999,-0.0796693275910142,0.44581096927493014,0.28,0.39626578794181866
501271_Utility_discrimination_2024_2cat_2025-03-14_15h23.42.123,0,0.10027880012626808,0.1,0.09394371726128792,0.17034208702876585,0.16,0.1626102417814153,-0.07006328690249777,-0.06,-0.06866652452012739,-0.12021894152499377,-0.07,-0.1119232352756423,0.3377976764395777,0.24000000000000002,0.302084296349737,-0.4580166179645715,-0.31000000000000005,-0.4140075316253793
788879_Utility_discrimination_2024_2cat_2025-03-15_15h55.58.904,0,0.1811079502538971,0.18,0.17280793034675757,0.20562863738188786,0.16,0.17695423263574075,-0.02452068712799077,0.01999999999999999,-0.004146302288983189,-0.1393066061706749,-0.12,-0.14310467870901017,-0.03496931802513756,-0.07,-0.05544821343210449,-0.10433728814553733,-0.04999999999999999,-0.08765646527690568
509243_Utility_discrimination_2024_2cat_2025-03-14_00h08.13.599,0,1.0612153033138705,1.04,1.049386487721897,1.2368729354607835,1.2200000000000002,1.226119864720021,-0.175657632146913,-0.18000000000000016,-0.17673337699812408,0.5146362623456008,0.63,0.6041530025718969,0.7251542854300536,0.62,0.7282635361933251,-0.21051802308445278,0.010000000000000009,-0.12411053362142821
951473_Utility_discrimination_2024_2cat_2025-03-16_19h39.11.089,0,1.669873900650159,1.7000000000000002,1.6752698614805734,1.746755227139522,1.78,1.7465177119636968,-0.07688132648936286,-0.07999999999999985,-0.07124785048312332,0.10001221726086765,0.1,0.09500124220225621,0.09903552613721367,0.1,0.09455022895985657,0.0009766911236539777,0.0,0.00045101324239964213
485127_Utility_discrimination_2024_2cat_2025-03-17_23h23.40.430,0,0.3302459211476053,0.26,0.2964839643585091,0.5321367205558548,0.52,0.5235253814391081,-0.2018907994082495,-0.26,-0.227041417080599,0.33797298957980826,0.30000000000000004,0.33401448434852243,-0.0025824029210842203,0.08,0.012401315128032733,0.3405553925008925,0.22000000000000003,0.3216131692204897
225967_Utility_discrimination_2024_2cat_2025-03-14_00h37.01.876,0,1.7360216505795374,1.7100000000000002,1.7220881093126044,1.3774609646135776,1.3,1.3472821933517771,0.3585606859659598,0.41000000000000014,0.37480591596082724,0.9673139088761668,1.7000000000000002,1.5967416049104013,0.378917477021697,1.2300000000000002,0.21939965012195686,0.5883964318544698,0.47,1.3773419547884445
775537_Utility_discrimination_2024_2cat_2025-03-17_14h12.46.286,0,0.16313302441488528,0.16,0.15533404930067995,0.10071399578953584,0.09000000000000001,0.09350041017784584,0.06241902862534944,0.06999999999999999,0.061833639122834114,-0.09247640431831583,-0.009999999999999995,-0.07843836711582575,-0.07085371492245948,-0.04999999999999999,-0.07709548802991961,-0.021622689395856348,0.039999999999999994,-0.0013428790859061346
649603_Utility_discrimination_2024_2cat_2025-03-15_16h48.20.064,0,0.2518014767162018,0.24000000000000002,0.2434544496553303,0.22453087590639825,0.22,0.21672108213799407,0.027270600809803536,0.020000000000000018,0.026733367517336237,0.4465161962094929,0.37,0.415300237169299,-0.09004422453700145,-0.009999999999999995,-0.07614308839148112,0.5365604207464943,0.38,0.4914433255607801
516600_Utility_discrimination_2024_2cat_2025-03-12_14h14.48.442,0,0.16950235382977596,0.16,0.1616960272702711,1.6678480303646779,1.6500000000000001,1.6554657454141513,-1.498345676534902,-1.4900000000000002,-1.4937697181438803,0.4215333893467642,0.33999999999999997,0.3923018614192725,0.02335441028126352,0.1,0.03373632550227511,0.3981789790655007,0.23999999999999996,0.35856553591699736
215334_Utility_discrimination_2024_2cat_2025-03-15_20h35.35.895,0,0.2174414900848654,0.21000000000000002,0.21036395413205328,1.6299002259485684,1.6,1.6160138991811979,-1.412458735863703,-1.3900000000000001,-1.4056499450491446,0.4236903128826335,0.35,0.39323216007385475,1.5982348380991256,1.58,1.5859093302210145,-1.174544525216492,-1.23,-1.1926771701471597
249109_Utility_discrimination_2024_2cat_2025-03-17_10h37.42.839,0,0.6751478817904606,0.67,0.6672319918415828,0.30192569816482584,0.29000000000000004,0.29062412526417514,0.37322218362563475,0.38,0.37660786657740764,0.45602857433160826,0.38,0.4267221931717142,0.2439147067497927,0.16,0.21853105699847675,0.21211386758181555,0.22,0.20819113617323748
699892_Utility_discrimination_2024_2cat_2025-03-15_14h12.47.943,0,0.16582614713454663,0.16,0.15739137121399216,-1.3980669543411512,-1.43,-1.4325796984588022,1.5638931014756978,1.5899999999999999,1.5899710696727944,0.2288043780770143,0.15000000000000002,0.1963113385820851,0.09961900090347664,0.1,0.09480863323980468,0.12918537717353765,0.05000000000000002,0.10150270534228042
639188_Utility_discrimination_2024_2cat_2025-03-17_13h17.01.639,0,0.11478706899495875,0.11,0.10769221021360345,0.3094224433042565,0.31,0.303940048107511,-0.19463537430929775,-0.2,-0.19624783789390757,0.2741513484701504,0.18,0.2408343315256099,0.3203839601698081,0.26,0.29372025948614744,-0.0462326116996577,-0.08000000000000002,-0.05288592796053754
872718_Utility_discrimination_2024_2cat_2025-03-18_22h58.34.246,0,1.6506287057028293,1.6300000000000001,1.6375605571227623,1.4809172145778178,1.4600000000000002,1.469608927884507,0.1697114911250115,0.16999999999999993,0.16795162923825524,1.3516170119463322,1.6300000000000001,1.6151516433186393,0.11704824323031737,0.1,0.09990850512428931,1.2345687687160147,1.53,1.5152431381943499
197640_Utility_discrimination_2024_2cat_2025-03-14_12h20.24.150,0,0.1999294897720345,0.19,0.19121219807488193,0.13659921366601027,0.13,0.12954075132695897,0.06333027610602424,0.06,0.061671446747922964,-0.1077985279337687,-0.04999999999999999,-0.09818872856022312,0.18234419426277626,0.1,0.14801118132327123,-0.29014272219654497,-0.15,-0.24619990988349436
227467_Utility_discrimination_2024_2cat_2025-03-13_18h34.20.777,0,-1.0906710521782381,-1.1099999999999999,-1.1023114972593653,-1.266248258200992,-1.15,-1.2600146434047788,0.17557720602275384,0.040000000000000036,0.15770314614541348,-0.0476327410021003,-0.18000000000000002,-0.08674301943535445,0.02831083759124868,-0.03,0.00903080488652501,-0.07594357859334898,-0.15000000000000002,-0.09577382432187946
171876_Utility_discrimination_2024_2cat_2025-03-15_10h05.58.976,0,0.21357590156785297,0.18,0.19286406105839632,0.11500939152500247,0.1,0.10539480418972583,0.0985665100428505,0.07999999999999999,0.08746925686867049,-0.010916676677594314,0.010000000000000009,-0.017814606230617286,-0.0995608005838603,-0.21,-0.13689592843150608,0.08864412390626598,0.22,0.1190813222008888
225967_Utility_discrimination_2024_2cat_2025-03-14_09h00.29.757,0,1.5854866496780742,1.57,1.5747821869746397,1.7732721613354225,1.7500000000000002,1.759950615402638,-0.18778551165734836,-0.18000000000000016,-0.1851684284279984,1.4379444482666284,1.4400000000000002,1.4401487888509101,0.10556545532208657,0.1,0.09627544172654504,1.3323789929445418,1.34,1.3438733471243651
772950_Utility_discrimination_2024_2cat_2025-03-15_00h31.52.114,0,0.13003487366279198,0.13,0.1234424333395901,0.4804128018880107,0.47,0.47291409246622906,-0.35037792822521874,-0.33999999999999997,-0.34947165912663897,0.23368043997385057,0.18,0.21039578571328588,0.5648508731814772,0.53,0.5476781339157918,-0.3311704332076266,-0.35000000000000003,-0.3372823482025059
838091_Utility_discrimination_2024_2cat_2025-03-13_21h26.42.203,0,0.2754439388952268,0.27,0.26718956059159127,0.2691712567228898,0.26,0.2607281893953709,0.006272682172337007,0.010000000000000009,0.006461371196220367,-0.05755755078492533,0.03,-0.04074867774664773,-0.0617385793293008,0.010000000000000009,-0.04773395692664345,0.004181028544375465,0.01999999999999999,0.006985279179995724
Nidhi_Shah_Utility_discrimination_2024_2cat_2025-03-19_21h14.14.065,0,1.9186310761825685,1.9100000000000001,1.9110383450582316,1.7658274270611207,1.7500000000000002,1.7543900410476263,0.15280364912144773,0.15999999999999992,0.15664830401060525,0.13302677841272847,0.1,0.10209619452462523,0.10840202533846792,0.1,0.09734210933557752,0.024624753074260555,0.0,0.004754085189047713
166849_Utility_discrimination_2024_2cat_2025-03-19_19h23.08.912,1,1.5136539609392856,1.4900000000000002,1.5018205853832478,1.5423249807970505,1.53,1.5312819425686726,-0.02867101985776488,-0.039999999999999813,-0.029461357185424752,1.0348644076060987,1.1300000000000001,1.1782749485713144,0.1029617304349257,0.1,0.09596940340804434,0.9319026771711729,1.03,1.0823055451632702
229150_Utility_discrimination_2024_2cat_2025-03-14_20h34.33.419,1,0.34975453213158125,0.33999999999999997,0.33949799675379466,0.2907524129308062,0.28,0.2804436127731033,0.05900211920077503,0.05999999999999994,0.05905438398069135,0.3830784156790832,0.39,0.39821520073906036,-0.03724599347386687,0.020000000000000004,-0.028619332288286448,0.42032440915295005,0.37,0.4268345330273468
053539_Utility_discrimination_2024_2cat_2025-03-17_00h40.52.420,1,0.5397736577035835,0.55,0.5378735528049841,0.3252696176030157,0.31,0.31504583809706044,0.21450404010056784,0.24000000000000005,0.22282771470792362,0.023555297875999998,0.1,0.03686940723152701,-0.0612905323797685,0.05,-0.049996418229869055,0.0848458302557685,0.05,0.08686582546139607
856852_Utility_discrimination_2024_2cat_2025-03-14_11h38.16.574,1,0.40766312345159716,0.4,0.3998256500403453,1.2642798872699799,1.2400000000000002,1.2522050336651487,-0.8566167638183827,-0.8400000000000002,-0.8523793836248034,-0.032211790475719704,0.020000000000000004,-0.022019754491847246,0.8885771747576924,0.85,0.8691849924283414,-0.920788965233412,-0.83,-0.8912047469201886
059774_Utility_discrimination_2024_2cat_2025-03-18_22h04.37.229,1,0.1800285525678026,0.16,0.1685847242768946,0.12554946756372032,0.12000000000000001,0.11811864498629876,0.05447908500408227,0.039999999999999994,0.05046607929059585,0.17593641158563297,0.09000000000000001,0.13923812023919765,-0.10168242789584409,-0.01999999999999999,-0.08740734911372677,0.27761883948147703,0.11,0.22664546935292443
848799_Utility_discrimination_2024_2cat_2025-03-12_13h57.25.042,1,0.3585059186386267,0.35,0.34872815448574346,0.24152925437982495,0.24000000000000002,0.23574130910300334,0.11697666425880174,0.10999999999999996,0.11298684538274012,0.3104661069782437,0.28,0.2975523718922598,0.20163785873426177,0.15000000000000002,0.17779868040557573,0.10882824824398196,0.13,0.11975369148668408
664805_Utility_discrimination_2024_2cat_2025-03-14_19h38.57.391,1,0.2544117696079936,0.26,0.250303614570639,0.2965842033838646,0.29000000000000004,0.2910185529753091,-0.04217243377587099,-0.030000000000000027,-0.04071493840467011,0.4931579966253563,0.43000000000000005,0.46891649120540024,-0.08658173990561233,0.010000000000000009,-0.07655450601570588,0.5797397365309687,0.42000000000000004,0.5454709972211061
953060_Utility_discrimination_2024_2cat_2025-03-17_16h04.09.188,1,0.20021975735859263,0.19,0.19232990879666617,0.34686421916552135,0.33999999999999997,0.3411114000627741,-0.14664446180692872,-0.14999999999999997,-0.1487814912661079,0.41172416094130504,0.33,0.3808408177774115,0.5363465573834587,0.47,0.5120202372112642,-0.12462239644215367,-0.13999999999999996,-0.1311794194338527
537791_Utility_discrimination_2024_2cat_2025-03-14_20h45.35.085,1,0.22488193638579243,0.22,0.2170587734789216,0.20317845035906162,0.2,0.19545631192588983,0.021703486026730806,0.01999999999999999,0.021602461553031777,-0.08246668751979505,-0.009999999999999995,-0.06844459776811368,-0.09153691092073424,-0.009999999999999995,-0.07740554370069139,0.009070223400939187,0.0,0.008960945932577707
501271_Utility_discrimination_2024_2cat_2025-03-14_15h23.42.123,1,0.23677218608358297,0.23,0.22752077091073453,0.19235420835992342,0.18,0.18453187001653082,0.044417977723659546,0.05000000000000002,0.04298890089420371,0.4012530365329775,0.31,0.369963903262736,0.37771806094029203,0.29000000000000004,0.3449937345432115,0.02353497559268547,0.019999999999999962,0.024970168719524455
788879_Utility_discrimination_2024_2cat_2025-03-15_15h55.58.904,1,0.06525243297486337,0.060000000000000005,0.05820490898100189,0.08311564392044306,0.07,0.0748018212980002,-0.01786321094557969,-0.010000000000000002,-0.016596912316998308,-0.059110815455608784,-0.07,-0.0753377110109422,-0.0750443236769271,-0.07,-0.08491007561740146,0.01593350822131831,0.0,0.009572364606459272
509243_Utility_discrimination_2024_2cat_2025-03-14_00h08.13.599,1,1.1240938738138415,1.09,1.1066764759552556,1.3036758318374033,1.29,1.292753417266502,-0.1795819580235618,-0.19999999999999996,-0.1860769413112464,0.40996873853617644,0.5700000000000001,0.5217548218934491,0.1367882330801673,0.1,0.10641563975533953,0.27318050545600914,0.4700000000000001,0.4153391821381096
951473_Utility_discrimination_2024_2cat_2025-03-16_19h39.11.089,1,1.6494738767321608,1.6400000000000001,1.6399919535478882,1.938595410309043,1.9200000000000002,1.9262111835082254,-0.2891215335768822,-0.28,-0.2862192299603372,0.09974506395654054,0.1,0.09490857411792591,0.2468233438590935,0.1,0.17680374611375319,-0.14707827990255296,0.0,-0.08189517199582727
485127_Utility_discrimination_2024_2cat_2025-03-17_23h23.40.430,1,0.25525423902468397,0.24000000000000002,0.24448666692438115,0.4517528338952874,0.44000000000000006,0.4439636620520684,-0.19649859487060345,-0.20000000000000004,-0.19947699512768724,0.28015731786056053,0.19,0.24985969091743973,0.35986299055875837,0.38,0.38556707174718663,-0.07970567269819784,-0.19,-0.1357073808297469
225967_Utility_discrimination_2024_2cat_2025-03-14_00h37.01.876,1,1.77323897646598,1.7500000000000002,1.7596065649738217,1.7719174377322358,1.78,1.7717703236800917,0.0013215387337441875,-0.029999999999999805,-0.012163758706269956,0.10886964214079516,0.1,0.09705422171050125,0.8877637214817834,1.4700000000000002,1.3556175595012623,-0.7788940793409882,-1.37,-1.258563337790761
775537_Utility_discrimination_2024_2cat_2025-03-17_14h12.46.286,1,0.13459446607871983,0.13,0.12692777348084627,0.12977585649810533,0.12000000000000001,0.12217217093790478,0.004818609580614502,0.009999999999999995,0.004755602542941495,0.3059830348368401,0.2,0.2681104595134294,0.33265437586149826,0.24000000000000002,0.29952753932791976,-0.02667134102465818,-0.04000000000000001,-0.03141707981449038
649603_Utility_discrimination_2024_2cat_2025-03-15_16h48.20.064,1,0.31416941587259645,0.30000000000000004,0.30574626646257574,0.3352593181083395,0.32,0.3255290457517126,-0.02108990223574303,-0.019999999999999962,-0.019782779289136854,0.18462721106228988,0.12000000000000001,0.15572372917227756,0.5198443575791009,0.45000000000000007,0.49354399166958873,-0.335217146516811,-0.33000000000000007,-0.3378202624973112
516600_Utility_discrimination_2024_2cat_2025-03-12_14h14.48.442,1,0.1351372103166706,0.13,0.12868799399646122,0.9644275122992049,0.93,0.9472754758052797,-0.8292903019825343,-0.8,-0.8185874818088185,0.44526659240493793,0.37,0.4156949829250344,0.2940089451910064,0.23,0.2683717209189823,0.15125764721393153,0.13999999999999999,0.14732326200605206
215334_Utility_discrimination_2024_2cat_2025-03-15_20h35.35.895,1,0.812894729722407,0.76,0.7898466731008892,1.5391291273048255,1.52,1.5263428558358803,-0.7262343975824186,-0.76,-0.7364961827349911,0.27940635800344793,0.18,0.24012055499473905,0.5063530662777909,1.5000000000000002,0.25999247544433934,-0.22694670827434293,-1.3200000000000003,-0.01987192044960029
249109_Utility_discrimination_2024_2cat_2025-03-17_10h37.42.839,1,0.6521778544858223,0.6799999999999999,0.6780048171279542,0.7906964839110974,0.75,0.7699726321030151,-0.13851862942527504,-0.07000000000000006,-0.0919678149750609,0.42736160815194413,0.36,0.40177487103552534,-0.05253482159360792,-0.04000000000000001,-0.05660434239397988,0.479896429745552,0.4,0.4583792134295052
699892_Utility_discrimination_2024_2cat_2025-03-15_14h12.47.943,1,0.14269563420537817,0.14,0.13530453963128022,0.2101534695223417,0.19,0.19588444763265073,-0.06745783531696353,-0.04999999999999999,-0.0605799080013705,-0.07264415815817263,-0.04000000000000001,-0.0740148977199847,0.29996750207251877,0.21000000000000002,0.26967207538930704,-0.37261166023069137,-0.25,-0.34368697310929175
639188_Utility_discrimination_2024_2cat_2025-03-17_13h17.01.639,1,0.08589261044655704,0.08,0.08190951493842562,0.38719360457275565,0.37,0.37477831613389934,-0.3013009941261986,-0.29,-0.2928688011954737,0.07474190872625353,0.1,0.07612319490995315,0.24405871651800007,0.2,0.22407577651399882,-0.16931680779174654,-0.1,-0.14795258160404567
872718_Utility_discrimination_2024_2cat_2025-03-18_22h58.34.246,1,1.7235526206331442,1.7000000000000002,1.7104802037959463,1.5482978072244067,1.53,1.5359455331935856,0.1752548134087375,0.17000000000000015,0.17453467060236072,0.10061630684323832,0.1,0.09515338216775662,0.10196090155800333,0.1,0.09552447934365572,-0.0013445947147650156,0.0,-0.00037109717589910163
197640_Utility_discrimination_2024_2cat_2025-03-14_12h20.24.150,1,0.1614699046057942,0.16,0.15495376608625097,0.1637724013791335,0.16,0.15637485496418,-0.0023024967733392965,0.0,-0.001421088877929022,-0.09169368996330951,-0.04000000000000001,-0.08179082999508142,-0.09882603125970571,-0.03,-0.08747695488734528,0.0071323412963962,-0.010000000000000009,0.005686124892263861
227467_Utility_discrimination_2024_2cat_2025-03-13_18h34.20.777,1,-1.241188582586853,-1.23,-1.2417812341422751,-1.4709693551776455,-1.48,-1.4789216294677483,0.22978077259079255,0.25,0.23714039532547315,-0.04266882834756175,-0.19999999999999998,-0.07823905333759928,0.30464881552692413,0.23,0.27902385299457044,-0.3473176438744859,-0.43,-0.3572629063321697
171876_Utility_discrimination_2024_2cat_2025-03-15_10h05.58.976,1,0.11442545347372773,0.1,0.10536959696415273,0.10643426242269668,0.09000000000000001,0.09658998349104268,0.007991191051031049,0.009999999999999995,0.008779613473110043,0.24125638877389474,0.15000000000000002,0.20846776512880377,-0.18015809673280422,-0.19999999999999998,-0.19335676181886616,0.42141448550669897,0.35,0.4018245269476699
225967_Utility_discrimination_2024_2cat_2025-03-14_09h00.29.757,1,1.5516626514329486,1.53,1.5384121103876989,1.593849412801139,1.57,1.5808367935992012,-0.04218676136819033,-0.040000000000000036,-0.04242468321150228,0.7372701126295668,1.4500000000000002,0.5417993878239578,1.0879831204862285,1.04,1.1017349776999952,-0.3507130078566617,0.41000000000000014,-0.5599355898760374
772950_Utility_discrimination_2024_2cat_2025-03-15_00h31.52.114,1,0.3000371785387683,0.27,0.2827830699539595,0.7084346322153515,0.66,0.6860581000656927,-0.4083974536765832,-0.39,-0.40327503011173316,0.25734909045840604,0.16,0.22403506772564663,0.6208973645482486,0.58,0.6019099453909655,-0.3635482740898426,-0.41999999999999993,-0.3778748776653189
838091_Utility_discrimination_2024_2cat_2025-03-13_21h26.42.203,1,0.33753090933033847,0.32,0.3242552674369721,0.2430066024447145,0.24000000000000002,0.23576277753193325,0.09452430688562397,0.07999999999999999,0.08849248990503883,-0.025252470226504092,0.020000000000000004,-0.023790883458705198,-0.06658552179795471,0.010000000000000009,-0.05223784192998962,0.04133305157145062,0.009999999999999995,0.028446958471284423
Nidhi_Shah_Utility_discrimination_2024_2cat_2025-03-19_21h14.14.065,1,1.8020123154339573,1.79,1.791755451079498,1.8158639290912595,1.8,1.8035428552733694,-0.013851613657302142,-0.010000000000000009,-0.011787404193871476,0.10001991109709267,0.1,0.09500502491180356,0.1147537086058948,0.1,0.09864727469887109,-0.014733797508802132,0.0,-0.0036422497870675363
166849_Utility_discrimination_2024_2cat_2025-03-19_19h23.08.912,2,1.5679229737419194,1.54,1.5531241108847642,1.4366159650918,1.4400000000000002,1.4302913467640583,0.13130700865011935,0.09999999999999987,0.12283276412070587,0.19598598902057565,0.1,0.12847402404592187,0.8382772126761106,0.82,0.8403291239211981,-0.6422912236555349,-0.72,-0.7118550998752762
229150_Utility_discrimination_2024_2cat_2025-03-14_20h34.33.419,2,0.5673423439660642,0.56,0.5595438140168607,0.27368251105502983,0.26,0.2642947757156301,0.29365983291103437,0.30000000000000004,0.2952490383012306,0.3049182844856241,0.55,0.38623176063274967,0.34925226904562284,0.27,0.32357782168002236,-0.04433398455999876,0.28,0.0626539389527273
053539_Utility_discrimination_2024_2cat_2025-03-17_00h40.52.420,2,0.6539903417809195,0.63,0.6408531573174558,0.3091820289186181,0.30000000000000004,0.300907787254869,0.3448083128623014,0.32999999999999996,0.33994537006258685,0.4504469719667423,0.48,0.4747333357098895,-0.03418940847521912,0.060000000000000005,-0.01705805477643682,0.48463638044196145,0.42,0.49179139048632636
856852_Utility_discrimination_2024_2cat_2025-03-14_11h38.16.574,2,0.40456936285557354,0.4,0.3966989605325486,1.367265856107008,1.34,1.3513834209181057,-0.9626964932514344,-0.9400000000000001,-0.9546844603855571,0.2686693466818266,0.25,0.256438887221832,1.0594239019272886,1.03,1.0468237171452486,-0.790754555245462,-0.78,-0.7903848299234166
059774_Utility_discrimination_2024_2cat_2025-03-18_22h04.37.229,2,0.20175688637493147,0.18,0.18937069158202496,0.18368824645528223,0.15000000000000002,0.16126535303129397,0.018068639919649243,0.02999999999999997,0.028105338550730996,0.4319496128955391,0.36,0.40427176357390415,0.0475107721713328,-0.01999999999999999,0.01967603477469597,0.3844388407242063,0.38,0.38459572879920817
848799_Utility_discrimination_2024_2cat_2025-03-12_13h57.25.042,2,0.5756078401406264,0.65,0.6138127002199898,0.3337502630529011,0.30000000000000004,0.32235892151681966,0.24185757708772526,0.35,0.29145377870317013,0.26587955897580307,0.62,0.22594531536152118,0.2518228904759836,0.2,0.23184619913471904,0.014056668499819458,0.42,-0.0059008837731978625
664805_Utility_discrimination_2024_2cat_2025-03-14_19h38.57.391,2,0.2960178216822146,0.28,0.2851047913097462,0.2725440396193436,0.27,0.26739987630643725,0.023473782062870985,0.010000000000000009,0.017704915003308952,0.2570476590977062,0.22,0.24178148665517732,0.317226234718236,0.23,0.29032612147128267,-0.060178575620529806,-0.010000000000000009,-0.04854463481610535
953060_Utility_discrimination_2024_2cat_2025-03-17_16h04.09.188,2,0.21877233732878493,0.21000000000000002,0.2105212941631222,0.39974253266901605,0.39,0.3900173594570725,-0.18097019534023112,-0.18,-0.1794960652939503,0.437024911445166,0.36,0.4077584634997029,-0.04060344852453587,0.020000000000000004,-0.02944703217846581,0.4776283599697019,0.33999999999999997,0.4372054956781687
537791_Utility_discrimination_2024_2cat_2025-03-14_20h45.35.085,2,0.3204042111689851,0.31,0.3093911781284285,0.1679843029180927,0.16,0.16073530067780312,0.1524199082508924,0.15,0.14865587745062536,0.4933956452625472,0.42000000000000004,0.46623659193921363,0.2698937115249655,0.2,0.24528449645026895,0.2235019337375817,0.22000000000000003,0.22095209548894468
501271_Utility_discrimination_2024_2cat_2025-03-14_15h23.42.123,2,0.13359832401016103,0.13,0.12703753474463847,0.2269690887677603,0.22,0.21777070546286198,-0.09337076475759928,-0.09,-0.09073317071822351,0.39062095605043623,0.31,0.3605292405092797,0.3789841199785259,0.29000000000000004,0.3449804671175841,0.01163683607191035,0.019999999999999962,0.01554877339169558
788879_Utility_discrimination_2024_2cat_2025-03-15_15h55.58.904,2,0.0020937622607965223,0.020000000000000004,0.011087240010638766,0.14331214247843493,0.13,0.13201779650452883,-0.1412183802176384,-0.11,-0.12093055649389006,-0.1269656578644898,-0.1,-0.12681697594998384,-0.10542498316318816,-0.07,-0.10428253568403381,-0.021540674701301638,-0.03,-0.02253444026595003
509243_Utility_discrimination_2024_2cat_2025-03-14_00h08.13.599,2,0.975563030112797,0.96,0.9649186834092274,1.3665795547407769,1.34,1.3511183354544056,-0.39101652462797987,-0.3800000000000001,-0.38619965204517825,0.8012691673334938,0.91,0.8696640368037004,0.11190940308874385,0.1,0.09532857468235721,0.68935976424475,0.81,0.7743354621213432
951473_Utility_discrimination_2024_2cat_2025-03-16_19h39.11.089,2,1.824798628020404,1.8,1.8121548161990344,1.903950840395784,1.9000000000000001,1.90224970979014,-0.07915221237538006,-0.10000000000000009,-0.09009489359110567,0.0998357784466605,0.1,0.0949401483692707,0.12044231632513155,0.1,0.09931312819485302,-0.020606537878471054,0.0,-0.004372979825582324
485127_Utility_discrimination_2024_2cat_2025-03-17_23h23.40.430,2,0.2583400295180533,0.24000000000000002,0.2480420390625393,0.5644232334600533,0.55,0.5541099384080637,-0.306083203942,-0.31000000000000005,-0.30606789934552436,0.3639550500415992,0.29000000000000004,0.3313000900148215,0.6642227082955298,0.62,0.6464900761872377,-0.30026765825393054,-0.32999999999999996,-0.3151899861724162
225967_Utility_discrimination_2024_2cat_2025-03-14_00h37.01.876,2,1.8210010258449882,1.8,1.8082172983449092,1.8404616440193267,1.82,1.82819999277205,-0.019460618174338418,-0.020000000000000018,-0.019982694427140846,1.3448555288147392,1.6300000000000001,1.6109444504140962,0.10027768474173913,0.1,0.0950730723036079,1.2445778440730002,1.53,1.5158713781104882
775537_Utility_discrimination_2024_2cat_2025-03-17_14h12.46.286,2,0.2002156050757146,0.19,0.19089463827306963,0.17482658582562371,0.17,0.166534620584869,0.025389019250090877,0.01999999999999999,0.02436001768820062,0.224020165438302,0.15000000000000002,0.19526516123789958,0.1822043524739172,0.11,0.14926641445086047,0.0418158129643848,0.04000000000000002,0.04599874678703911
649603_Utility_discrimination_2024_2cat_2025-03-15_16h48.20.064,2,0.3722431128741466,0.36,0.36080500447874864,0.28223899500632427,0.28,0.27491362181255713,0.09000411786782231,0.07999999999999996,0.08589138266619151,0.19261427553932498,0.14,0.16942684243166983,0.3532898148878594,0.28,0.321725787608097,-0.1606755393485344,-0.14,-0.15229894517642717
516600_Utility_discrimination_2024_2cat_2025-03-12_14h14.48.442,2,0.15699723909953112,0.15000000000000002,0.14952152902940619,1.7064032138020435,1.6900000000000002,1.6945838133170676,-1.5494059747025124,-1.54,-1.5450622842876616,0.04129645582051166,0.020000000000000004,0.023826737210270926,-0.01282197410588952,0.020000000000000004,-0.008734337050932545,0.05411842992640118,0.0,0.03256107426120347
215334_Utility_discrimination_2024_2cat_2025-03-15_20h35.35.895,2,0.6751742842283861,0.65,0.6580190231655981,1.6251342206825519,1.6,1.6109322232939713,-0.9499599364541658,-0.9500000000000001,-0.9529132001283732,0.7031507441833168,0.6799999999999999,0.69154180524174,0.30720288691092945,0.1,0.1590058616375049,0.39594785727238735,0.58,0.5325359436042352
249109_Utility_discrimination_2024_2cat_2025-03-17_10h37.42.839,2,0.592338194682345,0.71,0.6881096391379413,0.33882333722090713,0.29000000000000004,0.3070667108890781,0.2535148574614379,0.41999999999999993,0.3810429282488632,-0.04397087876166911,0.03,-0.03200415612158483,-0.07222340475539946,-0.04000000000000001,-0.0670340569523395,0.02825252599373035,0.07,0.03502990083075466
699892_Utility_discrimination_2024_2cat_2025-03-15_14h12.47.943,2,0.2461238937656288,0.23,0.23566555681883497,0.19979077895031883,0.19,0.18909474450037084,0.04633311481530997,0.04000000000000001,0.04657081231846413,0.24354482112375556,0.18,0.22025813120035415,0.3850514208546343,0.32,0.36215525633797596,-0.14150659973087873,-0.14,-0.14189712513762182
639188_Utility_discrimination_2024_2cat_2025-03-17_13h17.01.639,2,0.13697032318937827,0.14,0.13476874995516436,0.265357053159111,0.25,0.2559280652103729,-0.12838672996973274,-0.10999999999999999,-0.12115931525520857,0.20234218437168439,0.11,0.16832441357738823,0.2633800035141304,0.22,0.24671538640058366,-0.06103781914244599,-0.11,-0.07839097282319543
872718_Utility_discrimination_2024_2cat_2025-03-18_22h58.34.246,2,1.563803622186969,1.56,1.5562696592255125,1.6689524414121955,1.6400000000000001,1.6546700049556078,-0.10514881922522656,-0.08000000000000007,-0.09840034573009526,0.18484990672473817,0.1,0.11816844141496362,0.10116716152579774,0.1,0.09530092686718612,0.08368274519894042,0.0,0.022867514547777495
197640_Utility_discrimination_2024_2cat_2025-03-14_12h20.24.150,2,0.25085079335233473,0.24000000000000002,0.24253775302455838,0.1496277804587969,0.14,0.14294600042359656,0.10122301289353783,0.1,0.09959175260096181,-0.06550731088373155,0.0,-0.05288302341934162,-0.10231396680237562,-0.04000000000000001,-0.09206477702465002,0.03680665591864407,0.04000000000000001,0.0391817536053084
227467_Utility_discrimination_2024_2cat_2025-03-13_18h34.20.777,2,-1.2683417379662212,-1.26,-1.2685814393591537,-1.4834547544407004,-1.51,-1.4955815509422092,0.21511301647447922,0.25,0.22700011158305555,0.21514054664860255,0.15000000000000002,0.190102902346591,0.02694289829590099,-0.03,0.007526546606719073,0.18819764835270156,0.18000000000000002,0.1825763557398719
171876_Utility_discrimination_2024_2cat_2025-03-15_10h05.58.976,2,-0.8771148006351501,-0.9600000000000001,-0.9457254553236557,0.07470379053076592,0.07,0.06731911230494222,-0.951818591165916,-1.03,-1.013044567628598,0.25323682508947654,0.15000000000000002,0.2196653489875173,0.16830721936882245,0.09000000000000001,0.1333321885776587,0.08492960572065408,0.06000000000000001,0.08633316040985861
225967_Utility_discrimination_2024_2cat_2025-03-14_09h00.29.757,2,1.602837938268374,1.58,1.5896669557124425,1.4977998102091725,1.4800000000000002,1.4861503906274878,0.10503812805920143,0.09999999999999987,0.10351656508495477,0.11972058082330789,0.1,0.10089808072719929,0.10036201267624709,0.1,0.09510643107026567,0.0193585681470608,0.0,0.0057916496569336146
772950_Utility_discrimination_2024_2cat_2025-03-15_00h31.52.114,2,0.1982689951115547,0.19,0.1907265519306484,0.6489826305503459,0.61,0.6295863927958377,-0.45071363543879117,-0.42,-0.4388598408651893,0.29507442929133004,0.27,0.29485649384059354,0.21742451244391076,0.1,0.17605293065212452,0.07764991684741929,0.17,0.11880356318846902
838091_Utility_discrimination_2024_2cat_2025-03-13_21h26.42.203,2,0.3116211786057381,0.30000000000000004,0.30147034841012943,0.2585730051452168,0.25,0.25122578505729487,0.05304817346052132,0.050000000000000044,0.05024456335283456,-0.04441418024117963,0.05,-0.02410483268095165,0.5547508387593367,0.49,0.5293738811478886,-0.5991650190005163,-0.44,-0.5534787138288403
Nidhi_Shah_Utility_discrimination_2024_2cat_2025-03-19_21h14.14.065,2,1.8999932201290686,1.8800000000000001,1.888792020955117,1.881964458885037,1.86,1.8692592574608287,0.01802876124403152,0.020000000000000018,0.01953276349428834,0.0999998955838428,0.1,0.09499997455780998,0.12501398832980906,0.1,0.10155235148710487,-0.025014092745966263,0.0,-0.00655237692929489
166849_Utility_discrimination_2024_2cat_2025-03-19_19h23.08.912,3,1.2941429664646185,1.28,1.2839956118035376,1.6550375745368173,1.6300000000000001,1.6415181601496498,-0.36089460807219886,-0.3500000000000001,-0.3575225483461122,0.6069212509724056,1.1600000000000001,0.6103753068912555,0.1013132016250337,0.1,0.09536969535833627,0.5056080493473719,1.06,0.5150056115329192
229150_Utility_discrimination_2024_2cat_2025-03-14_20h34.33.419,3,0.3431399157583636,0.29000000000000004,0.3333547866622295,0.32698510534241565,0.30000000000000004,0.3120003437630594,0.016154810415947962,-0.010000000000000009,0.0213544428991701,-0.013905773630542573,0.04000000000000001,-0.0039428416706319275,0.4270811628343826,0.42000000000000004,0.43729126080453484,-0.44098693646492515,-0.38,-0.44123410247516676
053539_Utility_discrimination_2024_2cat_2025-03-17_00h40.52.420,3,0.6447413832448731,0.62,0.6292376631469224,0.3198651464062353,0.31,0.31073782680352313,0.32487623683863776,0.31,0.3184998363433993,0.37251269929751785,0.37,0.38012207347453286,0.36791900348134254,0.36,0.38233577983989653,0.004593695816175303,0.010000000000000009,-0.0022137063653636657
856852_Utility_discrimination_2024_2cat_2025-03-14_11h38.16.574,3,0.30123968459774986,0.32,0.30318389731108064,1.1653433739681804,1.05,1.1560064201570706,-0.8641036893704306,-0.73,-0.8528225228459899,-0.047238248982163916,0.03,-0.033106609321908564,1.0223496860065098,0.87,0.9565859940583985,-1.0695879349886737,-0.84,-0.9896926033803071
059774_Utility_discrimination_2024_2cat_2025-03-18_22h04.37.229,3,0.0851272591282157,0.08,0.07792522383667205,0.33919180339965754,0.28,0.3080187124207375,-0.2540645442714419,-0.2,-0.23009348858406542,0.24700667746653165,0.14,0.21523711971869275,0.38105410655413186,0.31,0.3599579739731884,-0.1340474290876002,-0.16999999999999998,-0.14472085425449566
848799_Utility_discrimination_2024_2cat_2025-03-12_13h57.25.042,3,0.34957895031817454,0.33999999999999997,0.3419114261866072,0.2359205919409865,0.23,0.22935464757051463,0.11365835837718805,0.10999999999999996,0.11255677861609256,0.2769110809138414,0.24000000000000002,0.2622877896420016,0.2549897188628598,0.21000000000000002,0.23568864277347007,0.021921362050981608,0.03,0.026599146868531542
664805_Utility_discrimination_2024_2cat_2025-03-14_19h38.57.391,3,0.19710442213897755,0.2,0.1907425593642444,0.42231005777107633,0.38,0.4009839351497081,-0.22520563563209878,-0.18,-0.2102413757854637,0.22453809727867519,0.14,0.18970446340788746,-0.025615950546008848,0.09000000000000001,-0.004743671395266158,0.25015404782468403,0.05,0.19444813480315362
953060_Utility_discrimination_2024_2cat_2025-03-17_16h04.09.188,3,0.2000210935160298,0.19,0.19239261855947312,0.33078392005454427,0.32,0.32275470808865014,-0.13076282653851445,-0.13,-0.13036208952917702,0.29244570860596997,0.19,0.2541591074251132,0.19526457953858334,0.12000000000000001,0.16379038947295443,0.09718112906738663,0.06999999999999999,0.09036871795215878
537791_Utility_discrimination_2024_2cat_2025-03-14_20h45.35.085,3,0.3144213189370131,0.30000000000000004,0.3028510367377264,0.22224339679044577,0.21000000000000002,0.21333884520415203,0.09217792214656731,0.09000000000000002,0.08951219153357437,0.26718492063973126,0.22,0.24996799861404287,0.3549324134084758,0.26,0.31955676233515673,-0.08774749276874455,-0.04000000000000001,-0.06958876372111386
501271_Utility_discrimination_2024_2cat_2025-03-14_15h23.42.123,3,0.17387598793677211,0.17,0.16708722876050774,0.1672082019209047,0.16,0.1596857799769565,0.006667786015867427,0.010000000000000009,0.007401448783551257,0.30687483920994685,0.21000000000000002,0.2697474589288015,-0.10872752359661458,-0.04000000000000001,-0.09794376773750008,0.41560236280656143,0.25,0.36769122666630155
788879_Utility_discrimination_2024_2cat_2025-03-15_15h55.58.904,3,-0.011933401288757639,-0.009999999999999995,-0.015275095902627822,0.15883469339175701,0.14,0.14642242654548093,-0.17076809468051465,-0.15000000000000002,-0.16169752244810875,-0.15612566376011291,-0.10999999999999999,-0.1570140478815932,0.28209422850082555,0.19,0.25145584281705785,-0.4382198922609385,-0.3,-0.40846989069865103
509243_Utility_discrimination_2024_2cat_2025-03-14_00h08.13.599,3,1.0061056833550397,0.99,0.9962664691032188,1.361627228289997,1.34,1.3493716275179477,-0.35552154493495736,-0.3500000000000001,-0.3531051584147289,0.805203273340128,0.98,0.9605444845220511,0.1105898103830219,0.1,0.09364087262996616,0.6946134629571061,0.88,0.866903611892085
951473_Utility_discrimination_2024_2cat_2025-03-16_19h39.11.089,3,1.8153265256323932,1.79,1.801897485011498,1.8093380726017385,1.8,1.7998191589735753,0.00598845303065465,-0.010000000000000009,0.0020783260379226842,1.442692251895308,1.58,1.55790210620814,0.10092301932069377,0.1,0.09524601494477247,1.3417692325746142,1.48,1.4626560912633675
485127_Utility_discrimination_2024_2cat_2025-03-17_23h23.40.430,3,0.28338078103986897,0.27,0.27156622768576677,0.5007417676823736,0.49,0.49334887462290666,-0.21736098664250458,-0.21999999999999997,-0.2217826469371399,0.3082889073973306,0.24000000000000002,0.2870283206933958,0.028159372969520202,0.1,0.04207004808276485,0.2801295344278104,0.14,0.24495827261063094
225967_Utility_discrimination_2024_2cat_2025-03-14_00h37.01.876,3,1.8684282654783109,1.85,1.8557295209546374,1.8058516639293707,1.8,1.803063177961732,0.06257660154894018,0.050000000000000044,0.05266634299290529,1.675468274067489,1.86,1.8574564052115643,0.10044094593033537,0.1,0.09512574456407596,1.5750273281371538,1.76,1.7623306606474882
775537_Utility_discrimination_2024_2cat_2025-03-17_14h12.46.286,3,0.16517507046467966,0.16,0.1567278959419172,0.14720351688346292,0.14,0.13922981959823288,0.017971553581216743,0.01999999999999999,0.017498076343684305,-0.10748881957792933,-0.04000000000000001,-0.09619536665518927,0.4259867293797286,0.35,0.39857571880051057,-0.5334755489576579,-0.39,-0.4947710854556998
649603_Utility_discrimination_2024_2cat_2025-03-15_16h48.20.064,3,0.3419117459598211,0.33,0.33346820028659446,0.427778175687749,0.4,0.4113180294261306,-0.0858664297279279,-0.07,-0.07784982913953614,-0.03311114291650069,0.05,-0.017835065458924923,0.4738674661831357,0.41000000000000003,0.4446361944742614,-0.5069786090996364,-0.36000000000000004,-0.46247125993318633
516600_Utility_discrimination_2024_2cat_2025-03-12_14h14.48.442,3,0.3334254674815742,0.30000000000000004,0.31234166094099547,0.942553064962988,0.95,0.9226523565163804,-0.6091275974814138,-0.6499999999999999,-0.610310695575385,0.40605455455295214,0.36,0.3936906845763479,0.049021910329018537,0.1,0.05904822565656602,0.3570326442239336,0.26,0.3346424589197819
215334_Utility_discrimination_2024_2cat_2025-03-15_20h35.35.895,3,0.7499414848341199,0.71,0.7289736650442941,1.6917922527363072,1.6700000000000002,1.6783825617641468,-0.9418507679021872,-0.9600000000000002,-0.9494088967198527,0.24279779489682393,0.17,0.21913249412468533,0.10008811553376784,0.1,0.09501411893807579,0.1427096793630561,0.07,0.12411837518660954
249109_Utility_discrimination_2024_2cat_2025-03-17_10h37.42.839,3,0.7238740050550622,0.7,0.7111132589492659,0.6402820507669036,0.64,0.6430478799162087,0.08359195428815858,0.05999999999999994,0.0680653790330572,0.3472037983512649,0.31,0.3353215471726837,0.21152706640388869,0.11,0.1786337434015448,0.13567673194737623,0.2,0.1566878037711389
699892_Utility_discrimination_2024_2cat_2025-03-15_14h12.47.943,3,0.1723601173462228,0.17,0.16492190150315814,-1.2431729704131003,-1.21,-1.2288175355444804,1.415533087759323,1.38,1.3937394370476386,0.31066471319326155,0.25,0.2919216001119563,-0.0029385052332683015,0.03,-0.004899048475324366,0.31360321842652983,0.22,0.29682064858728063
639188_Utility_discrimination_2024_2cat_2025-03-17_13h17.01.639,3,-0.47556350360239374,-0.44000000000000006,-0.4577936665815652,0.39739882335797483,0.38,0.3835796807410794,-0.8729623269603686,-0.8200000000000001,-0.8413733473226446,-0.12488700506785735,-0.009999999999999995,-0.1206567446334312,0.5049613434526846,0.45000000000000007,0.48410595378158794,-0.629848348520542,-0.4600000000000001,-0.6047626984150192
872718_Utility_discrimination_2024_2cat_2025-03-18_22h58.34.246,3,1.675600190476775,1.6600000000000001,1.663635837479848,1.6073893518864977,1.58,1.5927126451918645,0.06821083859027732,0.08000000000000007,0.07092319228798338,1.429207703890918,1.61,1.6086452740471455,1.6101329109655027,1.59,1.597110549618116,-0.18092520707458482,0.020000000000000018,0.011534724429029586
197640_Utility_discrimination_2024_2cat_2025-03-14_12h20.24.150,3,0.2759790524021575,0.26,0.26556397865873066,0.18998160394146485,0.18,0.18182236302604465,0.08599744846069263,0.08000000000000002,0.083741615632686,0.1899759883189266,0.12000000000000001,0.16025621538212081,0.3527483998442108,0.26,0.31850309206608685,-0.1627724115252842,-0.14,-0.15824687668396603
227467_Utility_discrimination_2024_2cat_2025-03-13_18h34.20.777,3,-0.2568934921447372,-0.23,-0.2326385740853171,0.19533089315153268,0.13,0.16255735077810213,-0.4522243852962699,-0.36,-0.39519592486341926,0.09746397647630145,0.1,0.09376650882500281,0.2996619571335975,0.23,0.27398904623683107,-0.20219798065729605,-0.13,-0.18022253741182825
171876_Utility_discrimination_2024_2cat_2025-03-15_10h05.58.976,3,0.08931829694761938,0.08,0.08230396713990722,0.12449082129394523,0.12000000000000001,0.1166751171828749,-0.035172524346325854,-0.04000000000000001,-0.03437115004296769,0.04447721607519657,0.08,0.044999416501180056,0.25680778699828655,0.16,0.22710651772241852,-0.21233057092309,-0.08,-0.18210710122123847
225967_Utility_discrimination_2024_2cat_2025-03-14_09h00.29.757,3,1.4885893933800738,1.5000000000000002,1.4803619381854294,1.5856309055196285,1.57,1.5743108192044428,-0.0970415121395547,-0.06999999999999984,-0.09394888101901344,0.1023175514137801,0.1,0.09562813496805908,1.0837554756609693,1.36,1.3344011604018802,-0.9814379242471892,-1.26,-1.2387730254338212
772950_Utility_discrimination_2024_2cat_2025-03-15_00h31.52.114,3,0.23563804334942148,0.22,0.22566429416041547,0.5020114683195155,0.48,0.49013043288390856,-0.266373424970094,-0.26,-0.2644661387234931,-0.05223730664913959,0.010000000000000009,-0.040334899265819624,0.5772013269392183,0.52,0.5536416801505778,-0.6294386335883579,-0.51,-0.5939765794163974
838091_Utility_discrimination_2024_2cat_2025-03-13_21h26.42.203,3,0.26685685656249825,0.25,0.2571389005003232,0.2694443141319949,0.26,0.2620420761562533,-0.0025874575694966317,-0.010000000000000009,-0.004903175655930125,0.2943086373396424,0.26,0.28743393885064483,0.23199531997319806,0.17,0.20757975354665978,0.062313317366444354,0.09,0.07985418530398505
Nidhi_Shah_Utility_discrimination_2024_2cat_2025-03-19_21h14.14.065,3,2.038771905801375,2.02,2.0267018379440334,1.8257757607958176,1.81,1.8139151782104934,0.2129961450055573,0.20999999999999996,0.21278665973353994,0.10490065714474549,0.1,0.09608471280565163,0.10036226990530271,0.1,0.09510174759592202,0.004538387239442776,0.0,0.000982965209729611
166849_Utility_discrimination_2024_2cat_2025-03-19_19h23.08.912,4,1.2736805672313802,1.2500000000000002,1.2602275851529015,1.6511134190815846,1.6300000000000001,1.6380030459577835,-0.37743285185020437,-0.3799999999999999,-0.377775460804882,0.9212156395031375,0.96,0.9644880353094417,0.11081679516251318,0.1,0.09824840490589522,0.8103988443406243,0.86,0.8662396304035465
229150_Utility_discrimination_2024_2cat_2025-03-14_20h34.33.419,4,0.38357583055288924,0.38,0.37625909094554955,0.17812901042684381,0.17,0.17007624578005523,0.20544682012604543,0.21,0.20618284516549432,-0.037624181206145274,0.010000000000000009,-0.0287442570195377,0.040884367054105974,0.05,0.03365240276862727,-0.07850854826025125,-0.039999999999999994,-0.06239665978816497
053539_Utility_discrimination_2024_2cat_2025-03-17_00h40.52.420,4,0.8119290017689313,0.76,0.7886309178952103,0.3692611315277238,0.35,0.35618311704924155,0.4426678702412076,0.41000000000000003,0.4324478008459688,0.693271630020345,0.7,0.7033145495590634,0.5350336742855886,0.47,0.5089715627651125,0.1582379557347564,0.22999999999999998,0.1943429867939509
856852_Utility_discrimination_2024_2cat_2025-03-14_11h38.16.574,4,0.3620326667937829,0.36,0.35562413709373153,0.8247201140018009,0.78,0.804411046995521,-0.462687447208018,-0.42000000000000004,-0.4487869099017895,0.21838148580108302,0.15000000000000002,0.1928490099394954,0.8371262341902018,0.8,0.8205302732250598,-0.6187447483891189,-0.65,-0.6276812632855644
059774_Utility_discrimination_2024_2cat_2025-03-18_22h04.37.229,4,0.13916313843609732,0.13,0.13008977415192222,0.183594969399059,0.17,0.17110679647986746,-0.04443183096296169,-0.04000000000000001,-0.04101702232794524,0.3974773670531796,0.32,0.3698242207241239,0.006733799120929862,-0.009999999999999995,-0.00984868619087817,0.39074356793224974,0.33,0.3796729069150021
848799_Utility_discrimination_2024_2cat_2025-03-12_13h57.25.042,4,0.44215011425352657,0.33999999999999997,0.38801187289612726,0.3298274969162365,0.33,0.32348417840953225,0.1123226173372901,0.009999999999999953,0.06452769448659501,0.2983312228375805,0.27,0.29002679960381195,0.3663162292558293,0.27,0.3314180598318391,-0.06798500641824878,0.0,-0.04139126022802714
664805_Utility_discrimination_2024_2cat_2025-03-14_19h38.57.391,4,0.26268484710077394,0.26,0.2557017721952412,0.46863999970917936,0.42000000000000004,0.4422402614534021,-0.2059551526084054,-0.16000000000000003,-0.1865384892581609,-0.08977830258665587,-0.04000000000000001,-0.08552781164193698,0.49793227921562067,0.44000000000000006,0.47513013795060044,-0.5877105818022765,-0.4800000000000001,-0.5606579495925375
953060_Utility_discrimination_2024_2cat_2025-03-17_16h04.09.188,4,0.16856414243540607,0.16,0.1617726648205598,0.3608692588676371,0.36,0.35435580654173926,-0.19230511643223103,-0.19999999999999998,-0.19258314172117946,-0.09825150511228889,-0.03,-0.0861844806759974,0.5270252494187837,0.45999999999999996,0.5016590731555278,-0.6252767545310726,-0.49,-0.5878435538315252
537791_Utility_discrimination_2024_2cat_2025-03-14_20h45.35.085,4,0.1668623921041198,0.16,0.1600166205953718,0.18867136337662144,0.18,0.1798257254706114,-0.021808971272501643,-0.01999999999999999,-0.019809104875239597,-0.08120146260525707,-0.009999999999999995,-0.06748249439349785,0.42274756590473694,0.35,0.39629677468981983,-0.503949028509994,-0.36,-0.4637792690833177
501271_Utility_discrimination_2024_2cat_2025-03-14_15h23.42.123,4,0.18817683524135592,0.18,0.1810625841580131,0.1745111894899254,0.17,0.16717851312857862,0.013665645751430533,0.009999999999999981,0.01388407102943448,0.3759339271232066,0.29000000000000004,0.34380348179491527,0.36990013975064984,0.28,0.3369716803123932,0.006033787372556776,0.010000000000000009,0.0068318014825220486
788879_Utility_discrimination_2024_2cat_2025-03-15_15h55.58.904,4,0.368117811340935,0.36,0.35982157406471094,0.03024160700013069,0.03,0.023872959327128462,0.33787620434080434,0.32999999999999996,0.3359486147375825,0.5691888171262838,0.51,0.5455418626554145,-0.029798900901785746,-0.04999999999999999,-0.04590104846675816,0.5989877180280695,0.56,0.5914429111221726
509243_Utility_discrimination_2024_2cat_2025-03-14_00h08.13.599,4,1.083885955412123,1.06,1.0703240745849274,1.3270237451117246,1.31,1.314786549797596,-0.24313778969960165,-0.25,-0.2444624752126685,1.1354447761347364,1.11,1.1287450353536101,0.10086690499828205,0.1,0.09526279007626784,1.0345778711364544,1.01,1.0334822452773422
951473_Utility_discrimination_2024_2cat_2025-03-16_19h39.11.089,4,1.7476911171417613,1.7300000000000002,1.7365138580604436,1.862006655249538,1.84,1.8498474552388997,-0.11431553810777673,-0.10999999999999988,-0.11333359717845615,0.13131835226128552,0.1,0.10709834547777469,0.09886014300484736,0.1,0.09450796966319677,0.032458209256438164,0.0,0.01259037581457792
485127_Utility_discrimination_2024_2cat_2025-03-17_23h23.40.430,4,0.26667037672206206,0.25,0.25627264504768676,0.5594975360017388,0.55,0.5489214045376587,-0.29282715927967673,-0.30000000000000004,-0.29264875948997193,0.2021531011767574,0.17,0.18300943047090662,0.021153066808083335,0.1,0.036949735601925326,0.18100003436867407,0.07,0.1460596948689813
225967_Utility_discrimination_2024_2cat_2025-03-14_00h37.01.876,4,1.6232404459007765,1.6,1.6113966978961036,1.7313670275568005,1.7200000000000002,1.7215128187244892,-0.10812658165602396,-0.1200000000000001,-0.11011612082838562,0.12449206413054634,0.1,0.10411602361777407,0.38885822274256565,0.1,0.19475658915672445,-0.2643661586120193,0.0,-0.09064056553895038
775537_Utility_discrimination_2024_2cat_2025-03-17_14h12.46.286,4,0.11502945978644073,0.11,0.10815957321606705,0.25508226705866643,0.24000000000000002,0.24352999479548257,-0.1400528072722257,-0.13,-0.13537042157941553,-0.12066884193128011,-0.07,-0.11218959663112721,0.3718133784224452,0.28,0.34004561022477564,-0.49248222035372535,-0.35000000000000003,-0.45223520685590285
649603_Utility_discrimination_2024_2cat_2025-03-15_16h48.20.064,4,0.27031845507579644,0.26,0.26292246410124664,0.32004148568918755,0.31,0.31136479220513935,-0.04972303061339112,-0.04999999999999999,-0.04844232810389271,-0.08621815797278581,-0.03,-0.0769081558041251,0.28875975342973187,0.25,0.28009804032000934,-0.3749779114025177,-0.28,-0.3570061961241344
516600_Utility_discrimination_2024_2cat_2025-03-12_14h14.48.442,4,0.19244115941563628,0.17,0.17677000602179804,1.588864494497286,1.6400000000000001,1.5994921219578897,-1.3964233350816497,-1.4700000000000002,-1.4227221159360917,0.3045141068981241,0.21000000000000002,0.2723385318201539,0.5066967368270576,0.28,0.41217153793219063,-0.20218262992893354,-0.07,-0.13983300611203675
215334_Utility_discrimination_2024_2cat_2025-03-15_20h35.35.895,4,0.3467778919409136,0.33999999999999997,0.33768482146679146,1.6809288695430864,1.6600000000000001,1.6693517202055077,-1.3341509776021727,-1.3200000000000003,-1.3316668987387161,0.560768731121707,0.52,0.5402471037750796,0.1003145100000877,0.1,0.09507597770902385,0.46045422112161927,0.42000000000000004,0.4451711260660557
249109_Utility_discrimination_2024_2cat_2025-03-17_10h37.42.839,4,0.2843901354628422,0.27,0.2738417704664377,0.2544550618707413,0.25,0.2467426168823159,0.029935073592100903,0.020000000000000018,0.027099153584121793,0.24653765066383906,0.2,0.2257127036208817,-0.018500750389971746,0.09000000000000001,-0.00041667445506030076,0.2650384010538108,0.11,0.226129378075942
699892_Utility_discrimination_2024_2cat_2025-03-15_14h12.47.943,4,0.29834716311224735,0.32,0.29708899198462024,0.2879325835732767,0.25,0.2647141333800397,0.010414579538970625,0.07,0.03237485860458056,0.21562196772211528,0.14,0.1836039032035695,0.30229038377087286,0.2,0.2646726086041906,-0.08666841604875758,-0.06,-0.08106870540062111
639188_Utility_discrimination_2024_2cat_2025-03-17_13h17.01.639,4,-0.5883424056112304,-0.5900000000000001,-0.595075630328479,0.3706456560924717,0.36,0.36135581335335176,-0.9589880617037021,-0.9500000000000001,-0.9564314436818308,-0.155940609852776,-0.04999999999999999,-0.17250534848511337,0.5741158119262018,0.52,0.5522948041372269,-0.7300564217789778,-0.5700000000000001,-0.7248001526223402
872718_Utility_discrimination_2024_2cat_2025-03-18_22h58.34.246,4,1.7723779335455268,1.7500000000000002,1.7586495813929421,1.4565252421847523,1.4400000000000002,1.444388233303723,0.31585269136077443,0.31000000000000005,0.31426134808921913,0.1232258180320869,0.1,0.10086435789164327,0.12297168853712691,0.1,0.10171211866238714,0.00025412949495999537,0.0,-0.0008477607707438606
197640_Utility_discrimination_2024_2cat_2025-03-14_12h20.24.150,4,0.20967051530265152,0.2,0.20134307491033235,0.2251349059473836,0.21000000000000002,0.21587912207726173,-0.015464390644732096,-0.010000000000000009,-0.014536047166929383,0.3990519541891041,0.31,0.368073499886136,0.19525039813939937,0.12000000000000001,0.1633512487144334,0.20380155604970474,0.19,0.20472225117170262
227467_Utility_discrimination_2024_2cat_2025-03-13_18h34.20.777,4,-1.107706272006564,-1.14,-1.1284248769161331,-1.208090253156955,-1.22,-1.211329960117787,0.10038398115039104,0.08000000000000007,0.0829050832016538,-0.18789604652693312,-0.30000000000000004,-0.24704911489989848,0.027804004597896628,-0.03,0.007983352651299791,-0.21570005112482976,-0.27,-0.25503246755119824
171876_Utility_discrimination_2024_2cat_2025-03-15_10h05.58.976,4,0.15124542092643728,0.14,0.14098581533315857,0.09756572367176694,0.09000000000000001,0.09082421923093659,0.05367969725467034,0.05,0.050161596102221984,-0.09804788506258308,-0.01999999999999999,-0.09288621929715471,0.1541611016733144,0.07,0.12113378141202855,-0.2522089867358975,-0.09,-0.21402000070918326
225967_Utility_discrimination_2024_2cat_2025-03-14_09h00.29.757,4,1.6185534598626865,1.59,1.604224994522374,1.5850376625452756,1.56,1.571194968606408,0.033515797317410945,0.030000000000000027,0.033030025915966155,0.7605234855373265,1.4300000000000002,0.8675924160648804,1.4639159301477016,1.4500000000000002,1.4617356307716527,-0.7033924446103751,-0.020000000000000018,-0.5941432147067723
772950_Utility_discrimination_2024_2cat_2025-03-15_00h31.52.114,4,0.17338216222313046,0.17,0.1666019109403058,0.5109006115969926,0.5,0.49967115456670064,-0.33751844937386216,-0.32999999999999996,-0.33306924362639484,0.22927576606469727,0.17,0.20382054951653766,0.5382536959514563,0.48,0.514660511124601,-0.3089779298867591,-0.30999999999999994,-0.3108399616080633
838091_Utility_discrimination_2024_2cat_2025-03-13_21h26.42.203,4,0.24765850048846466,0.24000000000000002,0.24028073603835154,0.3073003382742754,0.30000000000000004,0.29768336003638374,-0.059641837785810725,-0.060000000000000026,-0.0574026239980322,0.23854668408601504,0.18,0.21559758974846763,-0.07186642051403702,0.010000000000000009,-0.05715053580289767,0.31041310460005206,0.16999999999999998,0.2727481255513653
Nidhi_Shah_Utility_discrimination_2024_2cat_2025-03-19_21h14.14.065,4,1.7992797744767435,1.78,1.7886224859566953,1.4718118784837508,1.4400000000000002,1.4513945987496097,0.32746789599299264,0.33999999999999986,0.3372278872070855,0.10038036717521419,0.1,0.09509081575104304,0.09999870789196896,0.1,0.0949996251102415,0.00038165928324522536,0.0,9.119064080154171e-05
