participant,feature_index,pre_threshold_mean,pre_threshold_mode,pre_threshold_median,post_threshold_mean,post_threshold_mode,post_threshold_median,delta_threshold_mean,delta_threshold_mode,delta_threshold_median,pre_threshold_mean_last5,pre_threshold_mode_last5,pre_threshold_median_last5,post_threshold_mean_last5,post_threshold_mode_last5,post_threshold_median_last5,delta_threshold_mean_last5,delta_threshold_mode_last5,delta_threshold_median_last5,alpha_angle
166849_Utility_discrimination_2024_2cat_2025-03-19_19h23.08.912,0,1.4931484719999908,1.4700000000000002,1.4809443985068906,1.5381627259146935,1.53,1.5313941064064578,-0.0450142539147027,-0.0599999999999998,-0.0504497078995671,0.1226567944075864,0.1,0.1028793756797182,0.1043087832206141,0.1,0.0964696021209165,0.0183480111869723,0.0,0.0064097735588017,0.0
229150_Utility_discrimination_2024_2cat_2025-03-14_20h34.33.419,0,0.6820116508928653,0.66,0.6697650245541414,0.4755007618240998,0.41,0.4454742946457088,0.2065108890687654,0.25,0.2242907299084325,0.0031471055978243,0.1,0.0191660875055659,0.3736913431998481,0.38,0.3954143151172968,-0.3705442376020237,-0.28,-0.3762482276117309,0.0
053539_Utility_discrimination_2024_2cat_2025-03-17_00h40.52.420,0,0.4809143062079266,0.47,0.4717292568801738,0.3475873207055384,0.32,0.3320531207675332,0.1333269855023882,0.1499999999999999,0.1396761361126406,0.35905087264858,0.54,0.4706903433001647,0.2940854479855219,0.27,0.2834332977707384,0.0649654246630581,0.27,0.1872570455294262,0.0
856852_Utility_discrimination_2024_2cat_2025-03-14_11h38.16.574,0,0.2380367588006366,0.24,0.2346972097772536,1.353686017755609,1.32,1.3388705242350294,-1.1156492589549722,-1.08,-1.1041733144577757,0.4549934374967828,0.38,0.4267004324553211,0.4492102054903933,0.44,0.4521014172485631,0.0057832320063894,-0.06,-0.025400984793242,0.0
059774_Utility_discrimination_2024_2cat_2025-03-18_22h04.37.229,0,0.038850625228096,0.03,0.031992359294823,0.1672571551014328,0.1,0.1307384607592846,-0.1284065298733367,-0.07,-0.0987461014644615,-0.1236342163241604,-0.0799999999999999,-0.117333949950949,0.0371403987560051,-0.0199999999999999,0.0091379443540415,-0.1607746150801656,-0.06,-0.1264718943049906,0.0
848799_Utility_discrimination_2024_2cat_2025-03-12_13h57.25.042,0,0.2892360364510453,0.27,0.2758007821903006,0.3239747331634608,0.32,0.3183356742471577,-0.0347386967124155,-0.0499999999999999,-0.0425348920568571,-0.0435459717465663,0.06,-0.0259014750898446,-0.0717953589187609,0.0,-0.0582076709481944,0.0282493871721945,0.06,0.0323061958583497,0.0
664805_Utility_discrimination_2024_2cat_2025-03-14_19h38.57.391,0,0.1562134339123407,0.15,0.1485259157441609,0.1936595142914479,0.17,0.1792800830798946,-0.0374460803791072,-0.0199999999999999,-0.0307541673357337,-0.0453339356345677,-0.04,-0.0527484068239312,0.2641048236821801,0.18,0.2348697323784656,-0.3094387593167478,-0.22,-0.2876181392023968,0.0
953060_Utility_discrimination_2024_2cat_2025-03-17_16h04.09.188,0,0.1958741740006251,0.19,0.1884687834805488,0.3387761409738993,0.32,0.3280918212276683,-0.1429019669732741,-0.13,-0.1396230377471195,-0.0812143805497475,0.0,-0.0660262169678675,0.5076957958669966,0.43,0.4796743019611194,-0.5889101764167441,-0.43,-0.5457005189289869,0.0
537791_Utility_discrimination_2024_2cat_2025-03-14_20h45.35.085,0,0.1790964734684112,0.17,0.1721223147230727,0.1521695551445223,0.15,0.146683351881557,0.0269269183238889,0.0199999999999999,0.0254389628415157,0.3523017520192451,0.26,0.3165964603508044,-0.093509217255685,-0.0199999999999999,-0.0796693275910142,0.4458109692749301,0.28,0.3962657879418186,0.0
501271_Utility_discrimination_2024_2cat_2025-03-14_15h23.42.123,0,0.100278800126268,0.1,0.0939437172612879,0.1703420870287658,0.16,0.1626102417814153,-0.0700632869024977,-0.06,-0.0686665245201273,-0.1202189415249937,-0.07,-0.1119232352756423,0.3377976764395777,0.24,0.302084296349737,-0.4580166179645715,-0.31,-0.4140075316253793,0.0
788879_Utility_discrimination_2024_2cat_2025-03-15_15h55.58.904,0,0.1811079502538971,0.18,0.1728079303467575,0.2056286373818878,0.16,0.1769542326357407,-0.0245206871279907,0.0199999999999999,-0.0041463022889831,-0.1393066061706749,-0.12,-0.1431046787090101,-0.0349693180251375,-0.07,-0.0554482134321044,-0.1043372881455373,-0.0499999999999999,-0.0876564652769056,0.0
509243_Utility_discrimination_2024_2cat_2025-03-14_00h08.13.599,0,1.0612153033138705,1.04,1.049386487721897,1.2368729354607837,1.2200000000000002,1.226119864720021,-0.175657632146913,-0.1800000000000001,-0.176733376998124,0.5146362623456008,0.63,0.6041530025718969,0.7251542854300536,0.62,0.7282635361933251,-0.2105180230844527,0.01,-0.1241105336214282,0.0
951473_Utility_discrimination_2024_2cat_2025-03-16_19h39.11.089,0,1.669873900650159,1.7000000000000002,1.6752698614805734,1.746755227139522,1.78,1.7465177119636968,-0.0768813264893628,-0.0799999999999998,-0.0712478504831233,0.1000122172608676,0.1,0.0950012422022562,0.0990355261372136,0.1,0.0945502289598565,0.0009766911236539,0.0,0.0004510132423996,0.0
485127_Utility_discrimination_2024_2cat_2025-03-17_23h23.40.430,0,0.3302459211476053,0.26,0.2964839643585091,0.5321367205558548,0.52,0.5235253814391081,-0.2018907994082495,-0.26,-0.227041417080599,0.3379729895798082,0.3,0.3340144843485224,-0.0025824029210842,0.08,0.0124013151280327,0.3405553925008925,0.22,0.3216131692204897,0.0
225967_Utility_discrimination_2024_2cat_2025-03-14_00h37.01.876,0,1.7360216505795374,1.7100000000000002,1.7220881093126044,1.3774609646135776,1.3,1.3472821933517771,0.3585606859659598,0.4100000000000001,0.3748059159608272,0.9673139088761668,1.7000000000000002,1.5967416049104013,0.378917477021697,1.2300000000000002,0.2193996501219568,0.5883964318544698,0.47,1.3773419547884445,0.0
775537_Utility_discrimination_2024_2cat_2025-03-17_14h12.46.286,0,0.1631330244148852,0.16,0.1553340493006799,0.1007139957895358,0.09,0.0935004101778458,0.0624190286253494,0.0699999999999999,0.0618336391228341,-0.0924764043183158,-0.0099999999999999,-0.0784383671158257,-0.0708537149224594,-0.0499999999999999,-0.0770954880299196,-0.0216226893958563,0.0399999999999999,-0.0013428790859061,0.0
649603_Utility_discrimination_2024_2cat_2025-03-15_16h48.20.064,0,0.2518014767162018,0.24,0.2434544496553303,0.2245308759063982,0.22,0.216721082137994,0.0272706008098035,0.02,0.0267333675173362,0.4465161962094929,0.37,0.415300237169299,-0.0900442245370014,-0.0099999999999999,-0.0761430883914811,0.5365604207464943,0.38,0.4914433255607801,0.0
516600_Utility_discrimination_2024_2cat_2025-03-12_14h14.48.442,0,0.1695023538297759,0.16,0.1616960272702711,1.667848030364678,1.65,1.6554657454141513,-1.498345676534902,-1.4900000000000002,-1.4937697181438805,0.4215333893467642,0.3399999999999999,0.3923018614192725,0.0233544102812635,0.1,0.0337363255022751,0.3981789790655007,0.2399999999999999,0.3585655359169973,0.0
215334_Utility_discrimination_2024_2cat_2025-03-15_20h35.35.895,0,0.2174414900848654,0.21,0.2103639541320532,1.6299002259485684,1.6,1.616013899181198,-1.412458735863703,-1.39,-1.4056499450491446,0.4236903128826335,0.35,0.3932321600738547,1.5982348380991256,1.58,1.5859093302210143,-1.174544525216492,-1.23,-1.1926771701471597,0.0
249109_Utility_discrimination_2024_2cat_2025-03-17_10h37.42.839,0,0.6751478817904606,0.67,0.6672319918415828,0.3019256981648258,0.29,0.2906241252641751,0.3732221836256347,0.38,0.3766078665774076,0.4560285743316082,0.38,0.4267221931717142,0.2439147067497927,0.16,0.2185310569984767,0.2121138675818155,0.22,0.2081911361732374,0.0
699892_Utility_discrimination_2024_2cat_2025-03-15_14h12.47.943,0,0.1658261471345466,0.16,0.1573913712139921,-1.3980669543411512,-1.43,-1.4325796984588022,1.5638931014756978,1.59,1.5899710696727944,0.2288043780770143,0.15,0.1963113385820851,0.0996190009034766,0.1,0.0948086332398046,0.1291853771735376,0.05,0.1015027053422804,0.0
639188_Utility_discrimination_2024_2cat_2025-03-17_13h17.01.639,0,0.1147870689949587,0.11,0.1076922102136034,0.3094224433042565,0.31,0.303940048107511,-0.1946353743092977,-0.2,-0.1962478378939075,0.2741513484701504,0.18,0.2408343315256099,0.3203839601698081,0.26,0.2937202594861474,-0.0462326116996577,-0.08,-0.0528859279605375,0.0
872718_Utility_discrimination_2024_2cat_2025-03-18_22h58.34.246,0,1.6506287057028293,1.63,1.6375605571227625,1.4809172145778178,1.4600000000000002,1.469608927884507,0.1697114911250115,0.1699999999999999,0.1679516292382552,1.3516170119463322,1.63,1.6151516433186393,0.1170482432303173,0.1,0.0999085051242893,1.2345687687160147,1.53,1.51524313819435,0.0
197640_Utility_discrimination_2024_2cat_2025-03-14_12h20.24.150,0,0.1999294897720345,0.19,0.1912121980748819,0.1365992136660102,0.13,0.1295407513269589,0.0633302761060242,0.06,0.0616714467479229,-0.1077985279337687,-0.0499999999999999,-0.0981887285602231,0.1823441942627762,0.1,0.1480111813232712,-0.2901427221965449,-0.15,-0.2461999098834943,0.0
227467_Utility_discrimination_2024_2cat_2025-03-13_18h34.20.777,0,-1.090671052178238,-1.11,-1.1023114972593653,-1.266248258200992,-1.15,-1.2600146434047788,0.1755772060227538,0.04,0.1577031461454134,-0.0476327410021003,-0.18,-0.0867430194353544,0.0283108375912486,-0.03,0.009030804886525,-0.0759435785933489,-0.15,-0.0957738243218794,0.0
171876_Utility_discrimination_2024_2cat_2025-03-15_10h05.58.976,0,0.2135759015678529,0.18,0.1928640610583963,0.1150093915250024,0.1,0.1053948041897258,0.0985665100428505,0.0799999999999999,0.0874692568686704,-0.0109166766775943,0.01,-0.0178146062306172,-0.0995608005838603,-0.21,-0.136895928431506,0.0886441239062659,0.22,0.1190813222008888,0.0
225967_Utility_discrimination_2024_2cat_2025-03-14_09h00.29.757,0,1.5854866496780742,1.57,1.5747821869746397,1.7732721613354223,1.7500000000000002,1.759950615402638,-0.1877855116573483,-0.1800000000000001,-0.1851684284279984,1.4379444482666284,1.4400000000000002,1.44014878885091,0.1055654553220865,0.1,0.096275441726545,1.3323789929445418,1.34,1.3438733471243651,0.0
772950_Utility_discrimination_2024_2cat_2025-03-15_00h31.52.114,0,0.1300348736627919,0.13,0.1234424333395901,0.4804128018880107,0.47,0.472914092466229,-0.3503779282252187,-0.3399999999999999,-0.3494716591266389,0.2336804399738505,0.18,0.2103957857132858,0.5648508731814772,0.53,0.5476781339157918,-0.3311704332076266,-0.35,-0.3372823482025059,0.0
838091_Utility_discrimination_2024_2cat_2025-03-13_21h26.42.203,0,0.2754439388952268,0.27,0.2671895605915912,0.2691712567228898,0.26,0.2607281893953709,0.006272682172337,0.01,0.0064613711962203,-0.0575575507849253,0.03,-0.0407486777466477,-0.0617385793293008,0.01,-0.0477339569266434,0.0041810285443754,0.0199999999999999,0.0069852791799957,0.0
Nidhi_Shah_Utility_discrimination_2024_2cat_2025-03-19_21h14.14.065,0,1.9186310761825685,1.91,1.911038345058232,1.7658274270611207,1.7500000000000002,1.7543900410476263,0.1528036491214477,0.1599999999999999,0.1566483040106052,0.1330267784127284,0.1,0.1020961945246252,0.1084020253384679,0.1,0.0973421093355775,0.0246247530742605,0.0,0.0047540851890477,0.0
166849_Utility_discrimination_2024_2cat_2025-03-19_19h23.08.912,1,1.5136539609392856,1.4900000000000002,1.5018205853832478,1.5423249807970505,1.53,1.5312819425686726,-0.0286710198577648,-0.0399999999999998,-0.0294613571854247,1.0348644076060989,1.13,1.1782749485713144,0.1029617304349257,0.1,0.0959694034080443,0.9319026771711728,1.03,1.0823055451632702,22.5
229150_Utility_discrimination_2024_2cat_2025-03-14_20h34.33.419,1,0.3497545321315812,0.3399999999999999,0.3394979967537946,0.2907524129308062,0.28,0.2804436127731033,0.059002119200775,0.0599999999999999,0.0590543839806913,0.3830784156790832,0.39,0.3982152007390603,-0.0372459934738668,0.02,-0.0286193322882864,0.42032440915295,0.37,0.4268345330273468,22.5
053539_Utility_discrimination_2024_2cat_2025-03-17_00h40.52.420,1,0.5397736577035835,0.55,0.5378735528049841,0.3252696176030157,0.31,0.3150458380970604,0.2145040401005678,0.24,0.2228277147079236,0.0235552978759999,0.1,0.036869407231527,-0.0612905323797685,0.05,-0.049996418229869,0.0848458302557685,0.05,0.086865825461396,22.5
856852_Utility_discrimination_2024_2cat_2025-03-14_11h38.16.574,1,0.4076631234515971,0.4,0.3998256500403453,1.26427988726998,1.2400000000000002,1.252205033665149,-0.8566167638183827,-0.8400000000000002,-0.8523793836248034,-0.0322117904757197,0.02,-0.0220197544918472,0.8885771747576924,0.85,0.8691849924283414,-0.920788965233412,-0.83,-0.8912047469201886,22.5
059774_Utility_discrimination_2024_2cat_2025-03-18_22h04.37.229,1,0.1800285525678026,0.16,0.1685847242768946,0.1255494675637203,0.12,0.1181186449862987,0.0544790850040822,0.0399999999999999,0.0504660792905958,0.1759364115856329,0.09,0.1392381202391976,-0.101682427895844,-0.0199999999999999,-0.0874073491137267,0.277618839481477,0.11,0.2266454693529244,22.5
848799_Utility_discrimination_2024_2cat_2025-03-12_13h57.25.042,1,0.3585059186386267,0.35,0.3487281544857434,0.2415292543798249,0.24,0.2357413091030033,0.1169766642588017,0.1099999999999999,0.1129868453827401,0.3104661069782437,0.28,0.2975523718922598,0.2016378587342617,0.15,0.1777986804055757,0.1088282482439819,0.13,0.119753691486684,22.5
664805_Utility_discrimination_2024_2cat_2025-03-14_19h38.57.391,1,0.2544117696079936,0.26,0.250303614570639,0.2965842033838646,0.29,0.2910185529753091,-0.0421724337758709,-0.03,-0.0407149384046701,0.4931579966253563,0.43,0.4689164912054002,-0.0865817399056123,0.01,-0.0765545060157058,0.5797397365309687,0.42,0.5454709972211061,22.5
953060_Utility_discrimination_2024_2cat_2025-03-17_16h04.09.188,1,0.2002197573585926,0.19,0.1923299087966661,0.3468642191655213,0.3399999999999999,0.3411114000627741,-0.1466444618069287,-0.1499999999999999,-0.1487814912661079,0.411724160941305,0.33,0.3808408177774115,0.5363465573834587,0.47,0.5120202372112642,-0.1246223964421536,-0.1399999999999999,-0.1311794194338527,22.5
537791_Utility_discrimination_2024_2cat_2025-03-14_20h45.35.085,1,0.2248819363857924,0.22,0.2170587734789216,0.2031784503590616,0.2,0.1954563119258898,0.0217034860267308,0.0199999999999999,0.0216024615530317,-0.082466687519795,-0.0099999999999999,-0.0684445977681136,-0.0915369109207342,-0.0099999999999999,-0.0774055437006913,0.0090702234009391,0.0,0.0089609459325777,22.5
501271_Utility_discrimination_2024_2cat_2025-03-14_15h23.42.123,1,0.2367721860835829,0.23,0.2275207709107345,0.1923542083599234,0.18,0.1845318700165308,0.0444179777236595,0.05,0.0429889008942037,0.4012530365329775,0.31,0.369963903262736,0.377718060940292,0.29,0.3449937345432115,0.0235349755926854,0.0199999999999999,0.0249701687195244,22.5
788879_Utility_discrimination_2024_2cat_2025-03-15_15h55.58.904,1,0.0652524329748633,0.06,0.0582049089810018,0.083115643920443,0.07,0.0748018212980002,-0.0178632109455796,-0.01,-0.0165969123169983,-0.0591108154556087,-0.07,-0.0753377110109422,-0.0750443236769271,-0.07,-0.0849100756174014,0.0159335082213183,0.0,0.0095723646064592,22.5
509243_Utility_discrimination_2024_2cat_2025-03-14_00h08.13.599,1,1.1240938738138415,1.09,1.1066764759552556,1.303675831837403,1.29,1.292753417266502,-0.1795819580235618,-0.1999999999999999,-0.1860769413112464,0.4099687385361764,0.5700000000000001,0.5217548218934491,0.1367882330801673,0.1,0.1064156397553395,0.2731805054560091,0.4700000000000001,0.4153391821381096,22.5
951473_Utility_discrimination_2024_2cat_2025-03-16_19h39.11.089,1,1.6494738767321608,1.64,1.6399919535478882,1.938595410309043,1.92,1.9262111835082252,-0.2891215335768822,-0.28,-0.2862192299603372,0.0997450639565405,0.1,0.0949085741179259,0.2468233438590935,0.1,0.1768037461137531,-0.1470782799025529,0.0,-0.0818951719958272,22.5
485127_Utility_discrimination_2024_2cat_2025-03-17_23h23.40.430,1,0.2552542390246839,0.24,0.2444866669243811,0.4517528338952874,0.44,0.4439636620520684,-0.1964985948706034,-0.2,-0.1994769951276872,0.2801573178605605,0.19,0.2498596909174397,0.3598629905587583,0.38,0.3855670717471866,-0.0797056726981978,-0.19,-0.1357073808297469,22.5
225967_Utility_discrimination_2024_2cat_2025-03-14_00h37.01.876,1,1.77323897646598,1.7500000000000002,1.7596065649738215,1.7719174377322358,1.78,1.7717703236800917,0.0013215387337441,-0.0299999999999998,-0.0121637587062699,0.1088696421407951,0.1,0.0970542217105012,0.8877637214817834,1.4700000000000002,1.3556175595012625,-0.7788940793409882,-1.37,-1.258563337790761,22.5
775537_Utility_discrimination_2024_2cat_2025-03-17_14h12.46.286,1,0.1345944660787198,0.13,0.1269277734808462,0.1297758564981053,0.12,0.1221721709379047,0.0048186095806145,0.0099999999999999,0.0047556025429414,0.3059830348368401,0.2,0.2681104595134294,0.3326543758614982,0.24,0.2995275393279197,-0.0266713410246581,-0.04,-0.0314170798144903,22.5
649603_Utility_discrimination_2024_2cat_2025-03-15_16h48.20.064,1,0.3141694158725964,0.3,0.3057462664625757,0.3352593181083395,0.32,0.3255290457517126,-0.021089902235743,-0.0199999999999999,-0.0197827792891368,0.1846272110622898,0.12,0.1557237291722775,0.5198443575791009,0.45,0.4935439916695887,-0.335217146516811,-0.33,-0.3378202624973112,22.5
516600_Utility_discrimination_2024_2cat_2025-03-12_14h14.48.442,1,0.1351372103166706,0.13,0.1286879939964612,0.9644275122992048,0.93,0.9472754758052796,-0.8292903019825343,-0.8,-0.8185874818088185,0.4452665924049379,0.37,0.4156949829250344,0.2940089451910064,0.23,0.2683717209189823,0.1512576472139315,0.1399999999999999,0.147323262006052,22.5
215334_Utility_discrimination_2024_2cat_2025-03-15_20h35.35.895,1,0.812894729722407,0.76,0.7898466731008892,1.5391291273048255,1.52,1.5263428558358805,-0.7262343975824186,-0.76,-0.7364961827349911,0.2794063580034479,0.18,0.240120554994739,0.5063530662777909,1.5000000000000002,0.2599924754443393,-0.2269467082743429,-1.3200000000000005,-0.0198719204496002,22.5
249109_Utility_discrimination_2024_2cat_2025-03-17_10h37.42.839,1,0.6521778544858223,0.6799999999999999,0.6780048171279542,0.7906964839110974,0.75,0.7699726321030151,-0.138518629425275,-0.07,-0.0919678149750609,0.4273616081519441,0.36,0.4017748710355253,-0.0525348215936079,-0.04,-0.0566043423939798,0.479896429745552,0.4,0.4583792134295052,22.5
699892_Utility_discrimination_2024_2cat_2025-03-15_14h12.47.943,1,0.1426956342053781,0.14,0.1353045396312802,0.2101534695223417,0.19,0.1958844476326507,-0.0674578353169635,-0.0499999999999999,-0.0605799080013705,-0.0726441581581726,-0.04,-0.0740148977199847,0.2999675020725187,0.21,0.269672075389307,-0.3726116602306913,-0.25,-0.3436869731092917,22.5
639188_Utility_discrimination_2024_2cat_2025-03-17_13h17.01.639,1,0.085892610446557,0.08,0.0819095149384256,0.3871936045727556,0.37,0.3747783161338993,-0.3013009941261986,-0.29,-0.2928688011954737,0.0747419087262535,0.1,0.0761231949099531,0.244058716518,0.2,0.2240757765139988,-0.1693168077917465,-0.1,-0.1479525816040456,22.5
872718_Utility_discrimination_2024_2cat_2025-03-18_22h58.34.246,1,1.7235526206331442,1.7000000000000002,1.7104802037959463,1.548297807224407,1.53,1.5359455331935856,0.1752548134087375,0.1700000000000001,0.1745346706023607,0.1006163068432383,0.1,0.0951533821677566,0.1019609015580033,0.1,0.0955244793436557,-0.001344594714765,0.0,-0.0003710971758991,22.5
197640_Utility_discrimination_2024_2cat_2025-03-14_12h20.24.150,1,0.1614699046057942,0.16,0.1549537660862509,0.1637724013791335,0.16,0.15637485496418,-0.0023024967733392,0.0,-0.001421088877929,-0.0916936899633095,-0.04,-0.0817908299950814,-0.0988260312597057,-0.03,-0.0874769548873452,0.0071323412963962,-0.01,0.0056861248922638,22.5
227467_Utility_discrimination_2024_2cat_2025-03-13_18h34.20.777,1,-1.241188582586853,-1.23,-1.2417812341422751,-1.4709693551776457,-1.48,-1.4789216294677483,0.2297807725907925,0.25,0.2371403953254731,-0.0426688283475617,-0.1999999999999999,-0.0782390533375992,0.3046488155269241,0.23,0.2790238529945704,-0.3473176438744859,-0.43,-0.3572629063321697,22.5
171876_Utility_discrimination_2024_2cat_2025-03-15_10h05.58.976,1,0.1144254534737277,0.1,0.1053695969641527,0.1064342624226966,0.09,0.0965899834910426,0.007991191051031,0.0099999999999999,0.00877961347311,0.2412563887738947,0.15,0.2084677651288037,-0.1801580967328042,-0.1999999999999999,-0.1933567618188661,0.4214144855066989,0.35,0.4018245269476699,22.5
225967_Utility_discrimination_2024_2cat_2025-03-14_09h00.29.757,1,1.5516626514329486,1.53,1.5384121103876989,1.593849412801139,1.57,1.5808367935992012,-0.0421867613681903,-0.04,-0.0424246832115022,0.7372701126295668,1.4500000000000002,0.5417993878239578,1.0879831204862285,1.04,1.1017349776999952,-0.3507130078566617,0.4100000000000001,-0.5599355898760374,22.5
772950_Utility_discrimination_2024_2cat_2025-03-15_00h31.52.114,1,0.3000371785387683,0.27,0.2827830699539595,0.7084346322153515,0.66,0.6860581000656927,-0.4083974536765832,-0.39,-0.4032750301117331,0.257349090458406,0.16,0.2240350677256466,0.6208973645482486,0.58,0.6019099453909655,-0.3635482740898426,-0.4199999999999999,-0.3778748776653189,22.5
838091_Utility_discrimination_2024_2cat_2025-03-13_21h26.42.203,1,0.3375309093303384,0.32,0.3242552674369721,0.2430066024447145,0.24,0.2357627775319332,0.0945243068856239,0.0799999999999999,0.0884924899050388,-0.025252470226504,0.02,-0.0237908834587051,-0.0665855217979547,0.01,-0.0522378419299896,0.0413330515714506,0.0099999999999999,0.0284469584712844,22.5
Nidhi_Shah_Utility_discrimination_2024_2cat_2025-03-19_21h14.14.065,1,1.8020123154339571,1.79,1.791755451079498,1.8158639290912597,1.8,1.8035428552733692,-0.0138516136573021,-0.01,-0.0117874041938714,0.1000199110970926,0.1,0.0950050249118035,0.1147537086058948,0.1,0.098647274698871,-0.0147337975088021,0.0,-0.0036422497870675,22.5
166849_Utility_discrimination_2024_2cat_2025-03-19_19h23.08.912,2,1.5679229737419194,1.54,1.5531241108847642,1.4366159650918,1.4400000000000002,1.4302913467640583,0.1313070086501193,0.0999999999999998,0.1228327641207058,0.1959859890205756,0.1,0.1284740240459218,0.8382772126761106,0.82,0.8403291239211981,-0.6422912236555349,-0.72,-0.7118550998752762,45.0
229150_Utility_discrimination_2024_2cat_2025-03-14_20h34.33.419,2,0.5673423439660642,0.56,0.5595438140168607,0.2736825110550298,0.26,0.2642947757156301,0.2936598329110343,0.3,0.2952490383012306,0.3049182844856241,0.55,0.3862317606327496,0.3492522690456228,0.27,0.3235778216800223,-0.0443339845599987,0.28,0.0626539389527273,45.0
053539_Utility_discrimination_2024_2cat_2025-03-17_00h40.52.420,2,0.6539903417809195,0.63,0.6408531573174558,0.3091820289186181,0.3,0.300907787254869,0.3448083128623014,0.3299999999999999,0.3399453700625868,0.4504469719667423,0.48,0.4747333357098895,-0.0341894084752191,0.06,-0.0170580547764368,0.4846363804419614,0.42,0.4917913904863263,45.0
856852_Utility_discrimination_2024_2cat_2025-03-14_11h38.16.574,2,0.4045693628555735,0.4,0.3966989605325486,1.367265856107008,1.34,1.3513834209181057,-0.9626964932514344,-0.94,-0.9546844603855572,0.2686693466818266,0.25,0.256438887221832,1.0594239019272886,1.03,1.0468237171452486,-0.790754555245462,-0.78,-0.7903848299234166,45.0
059774_Utility_discrimination_2024_2cat_2025-03-18_22h04.37.229,2,0.2017568863749314,0.18,0.1893706915820249,0.1836882464552822,0.15,0.1612653530312939,0.0180686399196492,0.0299999999999999,0.0281053385507309,0.4319496128955391,0.36,0.4042717635739041,0.0475107721713328,-0.0199999999999999,0.0196760347746959,0.3844388407242063,0.38,0.3845957287992081,45.0
848799_Utility_discrimination_2024_2cat_2025-03-12_13h57.25.042,2,0.5756078401406264,0.65,0.6138127002199898,0.3337502630529011,0.3,0.3223589215168196,0.2418575770877252,0.35,0.2914537787031701,0.265879558975803,0.62,0.2259453153615211,0.2518228904759836,0.2,0.231846199134719,0.0140566684998194,0.42,-0.0059008837731978,45.0
664805_Utility_discrimination_2024_2cat_2025-03-14_19h38.57.391,2,0.2960178216822146,0.28,0.2851047913097462,0.2725440396193436,0.27,0.2673998763064372,0.0234737820628709,0.01,0.0177049150033089,0.2570476590977062,0.22,0.2417814866551773,0.317226234718236,0.23,0.2903261214712826,-0.0601785756205298,-0.01,-0.0485446348161053,45.0
953060_Utility_discrimination_2024_2cat_2025-03-17_16h04.09.188,2,0.2187723373287849,0.21,0.2105212941631222,0.399742532669016,0.39,0.3900173594570725,-0.1809701953402311,-0.18,-0.1794960652939503,0.437024911445166,0.36,0.4077584634997029,-0.0406034485245358,0.02,-0.0294470321784658,0.4776283599697019,0.3399999999999999,0.4372054956781687,45.0
537791_Utility_discrimination_2024_2cat_2025-03-14_20h45.35.085,2,0.3204042111689851,0.31,0.3093911781284285,0.1679843029180927,0.16,0.1607353006778031,0.1524199082508924,0.15,0.1486558774506253,0.4933956452625472,0.42,0.4662365919392136,0.2698937115249655,0.2,0.2452844964502689,0.2235019337375817,0.22,0.2209520954889446,45.0
501271_Utility_discrimination_2024_2cat_2025-03-14_15h23.42.123,2,0.133598324010161,0.13,0.1270375347446384,0.2269690887677603,0.22,0.2177707054628619,-0.0933707647575992,-0.09,-0.0907331707182235,0.3906209560504362,0.31,0.3605292405092797,0.3789841199785259,0.29,0.3449804671175841,0.0116368360719103,0.0199999999999999,0.0155487733916955,45.0
788879_Utility_discrimination_2024_2cat_2025-03-15_15h55.58.904,2,0.0020937622607965,0.02,0.0110872400106387,0.1433121424784349,0.13,0.1320177965045288,-0.1412183802176384,-0.11,-0.12093055649389,-0.1269656578644898,-0.1,-0.1268169759499838,-0.1054249831631881,-0.07,-0.1042825356840338,-0.0215406747013016,-0.03,-0.02253444026595,45.0
509243_Utility_discrimination_2024_2cat_2025-03-14_00h08.13.599,2,0.975563030112797,0.96,0.9649186834092274,1.3665795547407769,1.34,1.3511183354544056,-0.3910165246279798,-0.3800000000000001,-0.3861996520451782,0.8012691673334938,0.91,0.8696640368037004,0.1119094030887438,0.1,0.0953285746823572,0.68935976424475,0.81,0.7743354621213432,45.0
951473_Utility_discrimination_2024_2cat_2025-03-16_19h39.11.089,2,1.824798628020404,1.8,1.8121548161990344,1.903950840395784,1.9,1.90224970979014,-0.07915221237538,-0.1,-0.0900948935911056,0.0998357784466605,0.1,0.0949401483692707,0.1204423163251315,0.1,0.099313128194853,-0.020606537878471,0.0,-0.0043729798255823,45.0
485127_Utility_discrimination_2024_2cat_2025-03-17_23h23.40.430,2,0.2583400295180533,0.24,0.2480420390625393,0.5644232334600533,0.55,0.5541099384080637,-0.306083203942,-0.31,-0.3060678993455243,0.3639550500415992,0.29,0.3313000900148215,0.6642227082955298,0.62,0.6464900761872377,-0.3002676582539305,-0.3299999999999999,-0.3151899861724162,45.0
225967_Utility_discrimination_2024_2cat_2025-03-14_00h37.01.876,2,1.821001025844988,1.8,1.8082172983449087,1.8404616440193269,1.82,1.82819999277205,-0.0194606181743384,-0.02,-0.0199826944271408,1.3448555288147392,1.63,1.6109444504140962,0.1002776847417391,0.1,0.0950730723036079,1.2445778440730002,1.53,1.5158713781104882,45.0
775537_Utility_discrimination_2024_2cat_2025-03-17_14h12.46.286,2,0.2002156050757146,0.19,0.1908946382730696,0.1748265858256237,0.17,0.166534620584869,0.0253890192500908,0.0199999999999999,0.0243600176882006,0.224020165438302,0.15,0.1952651612378995,0.1822043524739172,0.11,0.1492664144508604,0.0418158129643848,0.04,0.0459987467870391,45.0
649603_Utility_discrimination_2024_2cat_2025-03-15_16h48.20.064,2,0.3722431128741466,0.36,0.3608050044787486,0.2822389950063242,0.28,0.2749136218125571,0.0900041178678223,0.0799999999999999,0.0858913826661915,0.1926142755393249,0.14,0.1694268424316698,0.3532898148878594,0.28,0.321725787608097,-0.1606755393485344,-0.14,-0.1522989451764271,45.0
516600_Utility_discrimination_2024_2cat_2025-03-12_14h14.48.442,2,0.1569972390995311,0.15,0.1495215290294061,1.7064032138020435,1.6900000000000002,1.6945838133170676,-1.5494059747025124,-1.54,-1.5450622842876616,0.0412964558205116,0.02,0.0238267372102709,-0.0128219741058895,0.02,-0.0087343370509325,0.0541184299264011,0.0,0.0325610742612034,45.0
215334_Utility_discrimination_2024_2cat_2025-03-15_20h35.35.895,2,0.6751742842283861,0.65,0.6580190231655981,1.625134220682552,1.6,1.6109322232939711,-0.9499599364541658,-0.95,-0.9529132001283732,0.7031507441833168,0.6799999999999999,0.69154180524174,0.3072028869109294,0.1,0.1590058616375049,0.3959478572723873,0.58,0.5325359436042352,45.0
249109_Utility_discrimination_2024_2cat_2025-03-17_10h37.42.839,2,0.592338194682345,0.71,0.6881096391379413,0.3388233372209071,0.29,0.3070667108890781,0.2535148574614379,0.4199999999999999,0.3810429282488632,-0.0439708787616691,0.03,-0.0320041561215848,-0.0722234047553994,-0.04,-0.0670340569523395,0.0282525259937303,0.07,0.0350299008307546,45.0
699892_Utility_discrimination_2024_2cat_2025-03-15_14h12.47.943,2,0.2461238937656288,0.23,0.2356655568188349,0.1997907789503188,0.19,0.1890947445003708,0.0463331148153099,0.04,0.0465708123184641,0.2435448211237555,0.18,0.2202581312003541,0.3850514208546343,0.32,0.3621552563379759,-0.1415065997308787,-0.14,-0.1418971251376218,45.0
639188_Utility_discrimination_2024_2cat_2025-03-17_13h17.01.639,2,0.1369703231893782,0.14,0.1347687499551643,0.265357053159111,0.25,0.2559280652103729,-0.1283867299697327,-0.1099999999999999,-0.1211593152552085,0.2023421843716843,0.11,0.1683244135773882,0.2633800035141304,0.22,0.2467153864005836,-0.0610378191424459,-0.11,-0.0783909728231954,45.0
872718_Utility_discrimination_2024_2cat_2025-03-18_22h58.34.246,2,1.563803622186969,1.56,1.5562696592255123,1.6689524414121957,1.64,1.6546700049556078,-0.1051488192252265,-0.08,-0.0984003457300952,0.1848499067247381,0.1,0.1181684414149636,0.1011671615257977,0.1,0.0953009268671861,0.0836827451989404,0.0,0.0228675145477774,45.0
197640_Utility_discrimination_2024_2cat_2025-03-14_12h20.24.150,2,0.2508507933523347,0.24,0.2425377530245583,0.1496277804587969,0.14,0.1429460004235965,0.1012230128935378,0.1,0.0995917526009618,-0.0655073108837315,0.0,-0.0528830234193416,-0.1023139668023756,-0.04,-0.09206477702465,0.036806655918644,0.04,0.0391817536053084,45.0
227467_Utility_discrimination_2024_2cat_2025-03-13_18h34.20.777,2,-1.2683417379662212,-1.26,-1.2685814393591537,-1.4834547544407004,-1.51,-1.4955815509422092,0.2151130164744792,0.25,0.2270001115830555,0.2151405466486025,0.15,0.190102902346591,0.0269428982959009,-0.03,0.007526546606719,0.1881976483527015,0.18,0.1825763557398719,45.0
171876_Utility_discrimination_2024_2cat_2025-03-15_10h05.58.976,2,-0.8771148006351501,-0.96,-0.9457254553236556,0.0747037905307659,0.07,0.0673191123049422,-0.951818591165916,-1.03,-1.013044567628598,0.2532368250894765,0.15,0.2196653489875173,0.1683072193688224,0.09,0.1333321885776587,0.084929605720654,0.06,0.0863331604098586,45.0
225967_Utility_discrimination_2024_2cat_2025-03-14_09h00.29.757,2,1.602837938268374,1.58,1.5896669557124423,1.4977998102091723,1.4800000000000002,1.4861503906274878,0.1050381280592014,0.0999999999999998,0.1035165650849547,0.1197205808233078,0.1,0.1008980807271992,0.100362012676247,0.1,0.0951064310702656,0.0193585681470608,0.0,0.0057916496569336,45.0
772950_Utility_discrimination_2024_2cat_2025-03-15_00h31.52.114,2,0.1982689951115547,0.19,0.1907265519306484,0.6489826305503459,0.61,0.6295863927958377,-0.4507136354387911,-0.42,-0.4388598408651893,0.29507442929133,0.27,0.2948564938405935,0.2174245124439107,0.1,0.1760529306521245,0.0776499168474192,0.17,0.118803563188469,45.0
838091_Utility_discrimination_2024_2cat_2025-03-13_21h26.42.203,2,0.3116211786057381,0.3,0.3014703484101294,0.2585730051452168,0.25,0.2512257850572948,0.0530481734605213,0.05,0.0502445633528345,-0.0444141802411796,0.05,-0.0241048326809516,0.5547508387593367,0.49,0.5293738811478886,-0.5991650190005163,-0.44,-0.5534787138288403,45.0
Nidhi_Shah_Utility_discrimination_2024_2cat_2025-03-19_21h14.14.065,2,1.8999932201290688,1.88,1.888792020955117,1.881964458885037,1.86,1.8692592574608289,0.0180287612440315,0.02,0.0195327634942883,0.0999998955838428,0.1,0.0949999745578099,0.125013988329809,0.1,0.1015523514871048,-0.0250140927459662,0.0,-0.0065523769292948,45.0
166849_Utility_discrimination_2024_2cat_2025-03-19_19h23.08.912,3,1.2941429664646185,1.28,1.2839956118035376,1.655037574536817,1.63,1.6415181601496498,-0.3608946080721988,-0.3500000000000001,-0.3575225483461122,0.6069212509724056,1.16,0.6103753068912555,0.1013132016250337,0.1,0.0953696953583362,0.5056080493473719,1.06,0.5150056115329192,67.5
229150_Utility_discrimination_2024_2cat_2025-03-14_20h34.33.419,3,0.3431399157583636,0.29,0.3333547866622295,0.3269851053424156,0.3,0.3120003437630594,0.0161548104159479,-0.01,0.0213544428991701,-0.0139057736305425,0.04,-0.0039428416706319,0.4270811628343826,0.42,0.4372912608045348,-0.4409869364649251,-0.38,-0.4412341024751667,67.5
053539_Utility_discrimination_2024_2cat_2025-03-17_00h40.52.420,3,0.6447413832448731,0.62,0.6292376631469224,0.3198651464062353,0.31,0.3107378268035231,0.3248762368386377,0.31,0.3184998363433993,0.3725126992975178,0.37,0.3801220734745328,0.3679190034813425,0.36,0.3823357798398965,0.0045936958161753,0.01,-0.0022137063653636,67.5
856852_Utility_discrimination_2024_2cat_2025-03-14_11h38.16.574,3,0.3012396845977498,0.32,0.3031838973110806,1.1653433739681804,1.05,1.1560064201570706,-0.8641036893704306,-0.73,-0.8528225228459899,-0.0472382489821639,0.03,-0.0331066093219085,1.0223496860065098,0.87,0.9565859940583984,-1.0695879349886737,-0.84,-0.9896926033803072,67.5
059774_Utility_discrimination_2024_2cat_2025-03-18_22h04.37.229,3,0.0851272591282157,0.08,0.077925223836672,0.3391918033996575,0.28,0.3080187124207375,-0.2540645442714419,-0.2,-0.2300934885840654,0.2470066774665316,0.14,0.2152371197186927,0.3810541065541318,0.31,0.3599579739731884,-0.1340474290876002,-0.1699999999999999,-0.1447208542544956,67.5
848799_Utility_discrimination_2024_2cat_2025-03-12_13h57.25.042,3,0.3495789503181745,0.3399999999999999,0.3419114261866072,0.2359205919409865,0.23,0.2293546475705146,0.113658358377188,0.1099999999999999,0.1125567786160925,0.2769110809138414,0.24,0.2622877896420016,0.2549897188628598,0.21,0.23568864277347,0.0219213620509816,0.03,0.0265991468685315,67.5
664805_Utility_discrimination_2024_2cat_2025-03-14_19h38.57.391,3,0.1971044221389775,0.2,0.1907425593642444,0.4223100577710763,0.38,0.4009839351497081,-0.2252056356320987,-0.18,-0.2102413757854637,0.2245380972786751,0.14,0.1897044634078874,-0.0256159505460088,0.09,-0.0047436713952661,0.250154047824684,0.05,0.1944481348031536,67.5
953060_Utility_discrimination_2024_2cat_2025-03-17_16h04.09.188,3,0.2000210935160298,0.19,0.1923926185594731,0.3307839200545442,0.32,0.3227547080886501,-0.1307628265385144,-0.13,-0.130362089529177,0.2924457086059699,0.19,0.2541591074251132,0.1952645795385833,0.12,0.1637903894729544,0.0971811290673866,0.0699999999999999,0.0903687179521587,67.5
537791_Utility_discrimination_2024_2cat_2025-03-14_20h45.35.085,3,0.3144213189370131,0.3,0.3028510367377264,0.2222433967904457,0.21,0.213338845204152,0.0921779221465673,0.09,0.0895121915335743,0.2671849206397312,0.22,0.2499679986140428,0.3549324134084758,0.26,0.3195567623351567,-0.0877474927687445,-0.04,-0.0695887637211138,67.5
501271_Utility_discrimination_2024_2cat_2025-03-14_15h23.42.123,3,0.1738759879367721,0.17,0.1670872287605077,0.1672082019209047,0.16,0.1596857799769565,0.0066677860158674,0.01,0.0074014487835512,0.3068748392099468,0.21,0.2697474589288015,-0.1087275235966145,-0.04,-0.0979437677375,0.4156023628065614,0.25,0.3676912266663015,67.5
788879_Utility_discrimination_2024_2cat_2025-03-15_15h55.58.904,3,-0.0119334012887576,-0.0099999999999999,-0.0152750959026278,0.158834693391757,0.14,0.1464224265454809,-0.1707680946805146,-0.15,-0.1616975224481087,-0.1561256637601129,-0.1099999999999999,-0.1570140478815932,0.2820942285008255,0.19,0.2514558428170578,-0.4382198922609385,-0.3,-0.408469890698651,67.5
509243_Utility_discrimination_2024_2cat_2025-03-14_00h08.13.599,3,1.0061056833550397,0.99,0.9962664691032188,1.361627228289997,1.34,1.3493716275179477,-0.3555215449349573,-0.3500000000000001,-0.3531051584147289,0.805203273340128,0.98,0.9605444845220512,0.1105898103830219,0.1,0.0936408726299661,0.6946134629571061,0.88,0.866903611892085,67.5
951473_Utility_discrimination_2024_2cat_2025-03-16_19h39.11.089,3,1.8153265256323927,1.79,1.801897485011498,1.8093380726017383,1.8,1.7998191589735753,0.0059884530306546,-0.01,0.0020783260379226,1.442692251895308,1.58,1.55790210620814,0.1009230193206937,0.1,0.0952460149447724,1.3417692325746142,1.48,1.4626560912633677,67.5
485127_Utility_discrimination_2024_2cat_2025-03-17_23h23.40.430,3,0.2833807810398689,0.27,0.2715662276857667,0.5007417676823736,0.49,0.4933488746229066,-0.2173609866425045,-0.2199999999999999,-0.2217826469371399,0.3082889073973306,0.24,0.2870283206933958,0.0281593729695202,0.1,0.0420700480827648,0.2801295344278104,0.14,0.2449582726106309,67.5
225967_Utility_discrimination_2024_2cat_2025-03-14_00h37.01.876,3,1.8684282654783109,1.85,1.8557295209546372,1.805851663929371,1.8,1.803063177961732,0.0625766015489401,0.05,0.0526663429929052,1.675468274067489,1.86,1.8574564052115643,0.1004409459303353,0.1,0.0951257445640759,1.5750273281371538,1.76,1.7623306606474882,67.5
775537_Utility_discrimination_2024_2cat_2025-03-17_14h12.46.286,3,0.1651750704646796,0.16,0.1567278959419172,0.1472035168834629,0.14,0.1392298195982328,0.0179715535812167,0.0199999999999999,0.0174980763436843,-0.1074888195779293,-0.04,-0.0961953666551892,0.4259867293797286,0.35,0.3985757188005105,-0.5334755489576579,-0.39,-0.4947710854556998,67.5
649603_Utility_discrimination_2024_2cat_2025-03-15_16h48.20.064,3,0.3419117459598211,0.33,0.3334682002865944,0.427778175687749,0.4,0.4113180294261306,-0.0858664297279279,-0.07,-0.0778498291395361,-0.0331111429165006,0.05,-0.0178350654589249,0.4738674661831357,0.41,0.4446361944742614,-0.5069786090996364,-0.36,-0.4624712599331863,67.5
516600_Utility_discrimination_2024_2cat_2025-03-12_14h14.48.442,3,0.3334254674815742,0.3,0.3123416609409954,0.942553064962988,0.95,0.9226523565163804,-0.6091275974814138,-0.6499999999999999,-0.610310695575385,0.4060545545529521,0.36,0.3936906845763479,0.0490219103290185,0.1,0.059048225656566,0.3570326442239336,0.26,0.3346424589197819,67.5
215334_Utility_discrimination_2024_2cat_2025-03-15_20h35.35.895,3,0.7499414848341199,0.71,0.7289736650442941,1.6917922527363072,1.6700000000000002,1.6783825617641468,-0.9418507679021872,-0.9600000000000002,-0.9494088967198528,0.2427977948968239,0.17,0.2191324941246853,0.1000881155337678,0.1,0.0950141189380757,0.1427096793630561,0.07,0.1241183751866095,67.5
249109_Utility_discrimination_2024_2cat_2025-03-17_10h37.42.839,3,0.7238740050550622,0.7,0.7111132589492659,0.6402820507669036,0.64,0.6430478799162087,0.0835919542881585,0.0599999999999999,0.0680653790330572,0.3472037983512649,0.31,0.3353215471726837,0.2115270664038886,0.11,0.1786337434015448,0.1356767319473762,0.2,0.1566878037711389,67.5
699892_Utility_discrimination_2024_2cat_2025-03-15_14h12.47.943,3,0.1723601173462228,0.17,0.1649219015031581,-1.2431729704131005,-1.21,-1.2288175355444804,1.415533087759323,1.38,1.3937394370476386,0.3106647131932615,0.25,0.2919216001119563,-0.0029385052332683,0.03,-0.0048990484753243,0.3136032184265298,0.22,0.2968206485872806,67.5
639188_Utility_discrimination_2024_2cat_2025-03-17_13h17.01.639,3,-0.4755635036023937,-0.44,-0.4577936665815652,0.3973988233579748,0.38,0.3835796807410794,-0.8729623269603686,-0.8200000000000001,-0.8413733473226446,-0.1248870050678573,-0.0099999999999999,-0.1206567446334312,0.5049613434526846,0.45,0.4841059537815879,-0.629848348520542,-0.4600000000000001,-0.6047626984150192,67.5
872718_Utility_discrimination_2024_2cat_2025-03-18_22h58.34.246,3,1.675600190476775,1.66,1.663635837479848,1.6073893518864977,1.58,1.5927126451918645,0.0682108385902773,0.08,0.0709231922879833,1.429207703890918,1.61,1.6086452740471455,1.6101329109655027,1.59,1.597110549618116,-0.1809252070745848,0.02,0.0115347244290295,67.5
197640_Utility_discrimination_2024_2cat_2025-03-14_12h20.24.150,3,0.2759790524021575,0.26,0.2655639786587306,0.1899816039414648,0.18,0.1818223630260446,0.0859974484606926,0.08,0.083741615632686,0.1899759883189266,0.12,0.1602562153821208,0.3527483998442108,0.26,0.3185030920660868,-0.1627724115252842,-0.14,-0.158246876683966,67.5
227467_Utility_discrimination_2024_2cat_2025-03-13_18h34.20.777,3,-0.2568934921447372,-0.23,-0.2326385740853171,0.1953308931515326,0.13,0.1625573507781021,-0.4522243852962699,-0.36,-0.3951959248634192,0.0974639764763014,0.1,0.0937665088250028,0.2996619571335975,0.23,0.273989046236831,-0.202197980657296,-0.13,-0.1802225374118282,67.5
171876_Utility_discrimination_2024_2cat_2025-03-15_10h05.58.976,3,0.0893182969476193,0.08,0.0823039671399072,0.1244908212939452,0.12,0.1166751171828749,-0.0351725243463258,-0.04,-0.0343711500429676,0.0444772160751965,0.08,0.04499941650118,0.2568077869982865,0.16,0.2271065177224185,-0.21233057092309,-0.08,-0.1821071012212384,67.5
225967_Utility_discrimination_2024_2cat_2025-03-14_09h00.29.757,3,1.4885893933800738,1.5000000000000002,1.4803619381854294,1.5856309055196285,1.57,1.5743108192044428,-0.0970415121395547,-0.0699999999999998,-0.0939488810190134,0.1023175514137801,0.1,0.095628134968059,1.0837554756609693,1.36,1.3344011604018802,-0.9814379242471892,-1.26,-1.2387730254338212,67.5
772950_Utility_discrimination_2024_2cat_2025-03-15_00h31.52.114,3,0.2356380433494214,0.22,0.2256642941604154,0.5020114683195155,0.48,0.4901304328839085,-0.266373424970094,-0.26,-0.2644661387234931,-0.0522373066491395,0.01,-0.0403348992658196,0.5772013269392183,0.52,0.5536416801505778,-0.6294386335883579,-0.51,-0.5939765794163974,67.5
838091_Utility_discrimination_2024_2cat_2025-03-13_21h26.42.203,3,0.2668568565624982,0.25,0.2571389005003232,0.2694443141319949,0.26,0.2620420761562533,-0.0025874575694966,-0.01,-0.0049031756559301,0.2943086373396424,0.26,0.2874339388506448,0.231995319973198,0.17,0.2075797535466597,0.0623133173664443,0.09,0.079854185303985,67.5
Nidhi_Shah_Utility_discrimination_2024_2cat_2025-03-19_21h14.14.065,3,2.038771905801375,2.02,2.0267018379440334,1.8257757607958176,1.81,1.8139151782104932,0.2129961450055573,0.2099999999999999,0.2127866597335399,0.1049006571447454,0.1,0.0960847128056516,0.1003622699053027,0.1,0.095101747595922,0.0045383872394427,0.0,0.0009829652097296,67.5
166849_Utility_discrimination_2024_2cat_2025-03-19_19h23.08.912,4,1.2736805672313802,1.2500000000000002,1.2602275851529017,1.6511134190815846,1.63,1.6380030459577837,-0.3774328518502043,-0.3799999999999999,-0.377775460804882,0.9212156395031376,0.96,0.9644880353094416,0.1108167951625131,0.1,0.0982484049058952,0.8103988443406243,0.86,0.8662396304035465,90.0
229150_Utility_discrimination_2024_2cat_2025-03-14_20h34.33.419,4,0.3835758305528892,0.38,0.3762590909455495,0.1781290104268438,0.17,0.1700762457800552,0.2054468201260454,0.21,0.2061828451654943,-0.0376241812061452,0.01,-0.0287442570195377,0.0408843670541059,0.05,0.0336524027686272,-0.0785085482602512,-0.0399999999999999,-0.0623966597881649,90.0
053539_Utility_discrimination_2024_2cat_2025-03-17_00h40.52.420,4,0.8119290017689313,0.76,0.7886309178952103,0.3692611315277238,0.35,0.3561831170492415,0.4426678702412076,0.41,0.4324478008459688,0.693271630020345,0.7,0.7033145495590634,0.5350336742855886,0.47,0.5089715627651125,0.1582379557347564,0.2299999999999999,0.1943429867939509,90.0
856852_Utility_discrimination_2024_2cat_2025-03-14_11h38.16.574,4,0.3620326667937829,0.36,0.3556241370937315,0.8247201140018009,0.78,0.804411046995521,-0.462687447208018,-0.42,-0.4487869099017895,0.218381485801083,0.15,0.1928490099394954,0.8371262341902018,0.8,0.8205302732250598,-0.6187447483891189,-0.65,-0.6276812632855644,90.0
059774_Utility_discrimination_2024_2cat_2025-03-18_22h04.37.229,4,0.1391631384360973,0.13,0.1300897741519222,0.183594969399059,0.17,0.1711067964798674,-0.0444318309629616,-0.04,-0.0410170223279452,0.3974773670531796,0.32,0.3698242207241239,0.0067337991209298,-0.0099999999999999,-0.0098486861908781,0.3907435679322497,0.33,0.3796729069150021,90.0
848799_Utility_discrimination_2024_2cat_2025-03-12_13h57.25.042,4,0.4421501142535265,0.3399999999999999,0.3880118728961272,0.3298274969162365,0.33,0.3234841784095322,0.1123226173372901,0.0099999999999999,0.064527694486595,0.2983312228375805,0.27,0.2900267996038119,0.3663162292558293,0.27,0.3314180598318391,-0.0679850064182487,0.0,-0.0413912602280271,90.0
664805_Utility_discrimination_2024_2cat_2025-03-14_19h38.57.391,4,0.2626848471007739,0.26,0.2557017721952412,0.4686399997091793,0.42,0.4422402614534021,-0.2059551526084054,-0.16,-0.1865384892581609,-0.0897783025866558,-0.04,-0.0855278116419369,0.4979322792156206,0.44,0.4751301379506004,-0.5877105818022765,-0.4800000000000001,-0.5606579495925375,90.0
953060_Utility_discrimination_2024_2cat_2025-03-17_16h04.09.188,4,0.168564142435406,0.16,0.1617726648205598,0.3608692588676371,0.36,0.3543558065417392,-0.192305116432231,-0.1999999999999999,-0.1925831417211794,-0.0982515051122888,-0.03,-0.0861844806759974,0.5270252494187837,0.4599999999999999,0.5016590731555278,-0.6252767545310726,-0.49,-0.5878435538315252,90.0
537791_Utility_discrimination_2024_2cat_2025-03-14_20h45.35.085,4,0.1668623921041198,0.16,0.1600166205953718,0.1886713633766214,0.18,0.1798257254706114,-0.0218089712725016,-0.0199999999999999,-0.0198091048752395,-0.081201462605257,-0.0099999999999999,-0.0674824943934978,0.4227475659047369,0.35,0.3962967746898198,-0.503949028509994,-0.36,-0.4637792690833177,90.0
501271_Utility_discrimination_2024_2cat_2025-03-14_15h23.42.123,4,0.1881768352413559,0.18,0.1810625841580131,0.1745111894899254,0.17,0.1671785131285786,0.0136656457514305,0.0099999999999999,0.0138840710294344,0.3759339271232066,0.29,0.3438034817949152,0.3699001397506498,0.28,0.3369716803123932,0.0060337873725567,0.01,0.006831801482522,90.0
788879_Utility_discrimination_2024_2cat_2025-03-15_15h55.58.904,4,0.368117811340935,0.36,0.3598215740647109,0.0302416070001306,0.03,0.0238729593271284,0.3378762043408043,0.3299999999999999,0.3359486147375825,0.5691888171262838,0.51,0.5455418626554145,-0.0297989009017857,-0.0499999999999999,-0.0459010484667581,0.5989877180280695,0.56,0.5914429111221726,90.0
509243_Utility_discrimination_2024_2cat_2025-03-14_00h08.13.599,4,1.083885955412123,1.06,1.0703240745849274,1.3270237451117246,1.31,1.314786549797596,-0.2431377896996016,-0.25,-0.2444624752126685,1.1354447761347364,1.11,1.12874503535361,0.100866904998282,0.1,0.0952627900762678,1.0345778711364544,1.01,1.0334822452773422,90.0
951473_Utility_discrimination_2024_2cat_2025-03-16_19h39.11.089,4,1.7476911171417613,1.7300000000000002,1.7365138580604436,1.862006655249538,1.84,1.8498474552389,-0.1143155381077767,-0.1099999999999998,-0.1133335971784561,0.1313183522612855,0.1,0.1070983454777746,0.0988601430048473,0.1,0.0945079696631967,0.0324582092564381,0.0,0.0125903758145779,90.0
485127_Utility_discrimination_2024_2cat_2025-03-17_23h23.40.430,4,0.266670376722062,0.25,0.2562726450476867,0.5594975360017388,0.55,0.5489214045376587,-0.2928271592796767,-0.3,-0.2926487594899719,0.2021531011767574,0.17,0.1830094304709066,0.0211530668080833,0.1,0.0369497356019253,0.181000034368674,0.07,0.1460596948689813,90.0
225967_Utility_discrimination_2024_2cat_2025-03-14_00h37.01.876,4,1.6232404459007763,1.6,1.6113966978961036,1.7313670275568005,1.7200000000000002,1.7215128187244892,-0.1081265816560239,-0.1200000000000001,-0.1101161208283856,0.1244920641305463,0.1,0.104116023617774,0.3888582227425656,0.1,0.1947565891567244,-0.2643661586120193,0.0,-0.0906405655389503,90.0
775537_Utility_discrimination_2024_2cat_2025-03-17_14h12.46.286,4,0.1150294597864407,0.11,0.108159573216067,0.2550822670586664,0.24,0.2435299947954825,-0.1400528072722257,-0.13,-0.1353704215794155,-0.1206688419312801,-0.07,-0.1121895966311272,0.3718133784224452,0.28,0.3400456102247756,-0.4924822203537253,-0.35,-0.4522352068559028,90.0
649603_Utility_discrimination_2024_2cat_2025-03-15_16h48.20.064,4,0.2703184550757964,0.26,0.2629224641012466,0.3200414856891875,0.31,0.3113647922051393,-0.0497230306133911,-0.0499999999999999,-0.0484423281038927,-0.0862181579727858,-0.03,-0.0769081558041251,0.2887597534297318,0.25,0.2800980403200093,-0.3749779114025177,-0.28,-0.3570061961241344,90.0
516600_Utility_discrimination_2024_2cat_2025-03-12_14h14.48.442,4,0.1924411594156362,0.17,0.176770006021798,1.588864494497286,1.64,1.5994921219578897,-1.3964233350816495,-1.4700000000000002,-1.4227221159360917,0.3045141068981241,0.21,0.2723385318201539,0.5066967368270576,0.28,0.4121715379321906,-0.2021826299289335,-0.07,-0.1398330061120367,90.0
215334_Utility_discrimination_2024_2cat_2025-03-15_20h35.35.895,4,0.3467778919409136,0.3399999999999999,0.3376848214667914,1.6809288695430864,1.66,1.6693517202055077,-1.3341509776021727,-1.3200000000000005,-1.331666898738716,0.560768731121707,0.52,0.5402471037750796,0.1003145100000877,0.1,0.0950759777090238,0.4604542211216192,0.42,0.4451711260660557,90.0
249109_Utility_discrimination_2024_2cat_2025-03-17_10h37.42.839,4,0.2843901354628422,0.27,0.2738417704664377,0.2544550618707413,0.25,0.2467426168823159,0.0299350735921009,0.02,0.0270991535841217,0.246537650663839,0.2,0.2257127036208817,-0.0185007503899717,0.09,-0.0004166744550603,0.2650384010538108,0.11,0.226129378075942,90.0
699892_Utility_discrimination_2024_2cat_2025-03-15_14h12.47.943,4,0.2983471631122473,0.32,0.2970889919846202,0.2879325835732767,0.25,0.2647141333800397,0.0104145795389706,0.07,0.0323748586045805,0.2156219677221152,0.14,0.1836039032035695,0.3022903837708728,0.2,0.2646726086041906,-0.0866684160487575,-0.06,-0.0810687054006211,90.0
639188_Utility_discrimination_2024_2cat_2025-03-17_13h17.01.639,4,-0.5883424056112304,-0.5900000000000001,-0.595075630328479,0.3706456560924717,0.36,0.3613558133533517,-0.958988061703702,-0.95,-0.9564314436818308,-0.155940609852776,-0.0499999999999999,-0.1725053484851133,0.5741158119262018,0.52,0.5522948041372269,-0.7300564217789778,-0.5700000000000001,-0.7248001526223402,90.0
872718_Utility_discrimination_2024_2cat_2025-03-18_22h58.34.246,4,1.7723779335455268,1.7500000000000002,1.758649581392942,1.4565252421847523,1.4400000000000002,1.444388233303723,0.3158526913607744,0.31,0.3142613480892191,0.1232258180320869,0.1,0.1008643578916432,0.1229716885371269,0.1,0.1017121186623871,0.0002541294949599,0.0,-0.0008477607707438,90.0
197640_Utility_discrimination_2024_2cat_2025-03-14_12h20.24.150,4,0.2096705153026515,0.2,0.2013430749103323,0.2251349059473836,0.21,0.2158791220772617,-0.015464390644732,-0.01,-0.0145360471669293,0.3990519541891041,0.31,0.368073499886136,0.1952503981393993,0.12,0.1633512487144334,0.2038015560497047,0.19,0.2047222511717026,90.0
227467_Utility_discrimination_2024_2cat_2025-03-13_18h34.20.777,4,-1.107706272006564,-1.14,-1.1284248769161331,-1.208090253156955,-1.22,-1.211329960117787,0.100383981150391,0.08,0.0829050832016538,-0.1878960465269331,-0.3,-0.2470491148998984,0.0278040045978966,-0.03,0.0079833526512997,-0.2157000511248297,-0.27,-0.2550324675511982,90.0
171876_Utility_discrimination_2024_2cat_2025-03-15_10h05.58.976,4,0.1512454209264372,0.14,0.1409858153331585,0.0975657236717669,0.09,0.0908242192309365,0.0536796972546703,0.05,0.0501615961022219,-0.098047885062583,-0.0199999999999999,-0.0928862192971547,0.1541611016733144,0.07,0.1211337814120285,-0.2522089867358975,-0.09,-0.2140200007091832,90.0
225967_Utility_discrimination_2024_2cat_2025-03-14_09h00.29.757,4,1.6185534598626865,1.59,1.604224994522374,1.5850376625452756,1.56,1.571194968606408,0.0335157973174109,0.03,0.0330300259159661,0.7605234855373265,1.4300000000000002,0.8675924160648804,1.4639159301477016,1.4500000000000002,1.4617356307716527,-0.7033924446103751,-0.02,-0.5941432147067723,90.0
772950_Utility_discrimination_2024_2cat_2025-03-15_00h31.52.114,4,0.1733821622231304,0.17,0.1666019109403058,0.5109006115969926,0.5,0.4996711545667006,-0.3375184493738621,-0.3299999999999999,-0.3330692436263948,0.2292757660646972,0.17,0.2038205495165376,0.5382536959514563,0.48,0.514660511124601,-0.3089779298867591,-0.3099999999999999,-0.3108399616080633,90.0
838091_Utility_discrimination_2024_2cat_2025-03-13_21h26.42.203,4,0.2476585004884646,0.24,0.2402807360383515,0.3073003382742754,0.3,0.2976833600363837,-0.0596418377858107,-0.06,-0.0574026239980322,0.238546684086015,0.18,0.2155975897484676,-0.071866420514037,0.01,-0.0571505358028976,0.310413104600052,0.1699999999999999,0.2727481255513653,90.0
Nidhi_Shah_Utility_discrimination_2024_2cat_2025-03-19_21h14.14.065,4,1.7992797744767437,1.78,1.7886224859566953,1.4718118784837508,1.4400000000000002,1.4513945987496095,0.3274678959929926,0.3399999999999998,0.3372278872070855,0.1003803671752141,0.1,0.095090815751043,0.0999987078919689,0.1,0.0949996251102415,0.0003816592832452,0.0,9.119064080154172e-05,90.0
